,mean_fit_time,std_fit_time,mean_score_time,std_score_time,param_model__solver,param_model__max_iter,param_model__learning_rate_init,param_model__hidden_layer_sizes,params,split0_test_score,split1_test_score,split2_test_score,mean_test_score,std_test_score,rank_test_score
0,2.6921417713165283,0.061381851132341646,0.027378082275390625,0.008573570777807965,lbfgs,100,0.4239006012024048,"(116, 116)","{'model__solver': 'lbfgs', 'model__max_iter': 100, 'model__learning_rate_init': 0.4239006012024048, 'model__hidden_layer_sizes': (116, 116)}",0.6715447154471544,0.6547231270358306,0.6547231270358306,0.6603303231729386,0.007929772823984098,1
1,20.819584767023724,0.6130489779544651,0.03391019503275553,0.007125815176661062,lbfgs,437,0.8278637274549099,"(81, 81, 81)","{'model__solver': 'lbfgs', 'model__max_iter': 437, 'model__learning_rate_init': 0.8278637274549099, 'model__hidden_layer_sizes': (81, 81, 81)}",0.6650406504065041,0.6482084690553745,0.6661237785016286,0.6597909659878357,0.008201990327982057,2
2,153.08082254727682,6.408521513655624,0.07649429639180501,0.02804632838210293,lbfgs,238,0.6204719438877756,"(710, 710, 710)","{'model__solver': 'lbfgs', 'model__max_iter': 238, 'model__learning_rate_init': 0.6204719438877756, 'model__hidden_layer_sizes': (710, 710, 710)}",0.6682926829268293,0.6465798045602605,0.6612377850162866,0.6587034241677922,0.009043580058919832,3
3,17.08077573776245,1.058240980915832,0.03792778650919596,0.015415853547817384,lbfgs,159,0.12633847695390782,"(280, 280)","{'model__solver': 'lbfgs', 'model__max_iter': 159, 'model__learning_rate_init': 0.12633847695390782, 'model__hidden_layer_sizes': (280, 280)}",0.6699186991869919,0.6482084690553745,0.6530944625407166,0.6570738769276944,0.009299115629614479,4
4,63.66626842816671,0.015283359641057115,0.02747805913289388,0.0014900788789969995,lbfgs,834,0.24536332665330662,"(870,)","{'model__solver': 'lbfgs', 'model__max_iter': 834, 'model__learning_rate_init': 0.24536332665330662, 'model__hidden_layer_sizes': (870,)}",0.6699186991869919,0.6384364820846905,0.6465798045602605,0.6516449952773143,0.013342279069914179,5
5,22.285255591074627,1.0315499005607165,0.02413153648376465,0.007236335897081712,lbfgs,496,0.7521206412825652,"(445,)","{'model__solver': 'lbfgs', 'model__max_iter': 496, 'model__learning_rate_init': 0.7521206412825652, 'model__hidden_layer_sizes': (445,)}",0.6617886178861788,0.6254071661237784,0.6596091205211726,0.6489349681770432,0.016660445257840044,6
6,88.49687655766805,3.2440214759966923,0.027241071065266926,0.0007335026879817738,lbfgs,1131,0.7286763527054109,"(870,)","{'model__solver': 'lbfgs', 'model__max_iter': 1131, 'model__learning_rate_init': 0.7286763527054109, 'model__hidden_layer_sizes': (870,)}",0.656910569105691,0.6400651465798045,0.6482084690553745,0.6483947282469567,0.0068783759897109295,7
7,236.34687987963358,8.854251695837895,0.04171156883239746,0.010056202451088955,lbfgs,2381,0.6673605210420842,"(280, 280)","{'model__solver': 'lbfgs', 'model__max_iter': 2381, 'model__learning_rate_init': 0.6673605210420842, 'model__hidden_layer_sizes': (280, 280)}",0.6536585365853659,0.6172638436482085,0.6693811074918566,0.6467678292418104,0.021827561833730698,8
8,601.8563615481058,19.970987000811302,0.07674352327982585,0.002003239138857901,lbfgs,794,0.48701983967935875,"(624, 624, 624, 624)","{'model__solver': 'lbfgs', 'model__max_iter': 794, 'model__learning_rate_init': 0.48701983967935875, 'model__hidden_layer_sizes': (624, 624, 624, 624)}",0.6455284552845528,0.6400651465798045,0.6530944625407166,0.6462293548016914,0.005342235094175666,9
9,416.79474345843,19.47534965365939,0.044336795806884766,0.020149636968676915,lbfgs,4067,0.6186685370741483,"(280, 280)","{'model__solver': 'lbfgs', 'model__max_iter': 4067, 'model__learning_rate_init': 0.6186685370741483, 'model__hidden_layer_sizes': (280, 280)}",0.6422764227642277,0.6416938110749185,0.6498371335504886,0.644602455796545,0.0037091101795313102,10
10,53.602002700169884,7.911333242289676,0.015836477279663086,0.0013675166934311006,lbfgs,9861,0.08666352705410822,"(112,)","{'model__solver': 'lbfgs', 'model__max_iter': 9861, 'model__learning_rate_init': 0.08666352705410822, 'model__hidden_layer_sizes': (112,)}",0.6487804878048781,0.6221498371335505,0.6628664495114006,0.6445989248166097,0.01688341854504324,11
11,2.1947262287139893,0.150414692525698,0.01498715082804362,0.0005083380195108605,adam,298,0.016330661322645292,"(116, 116)","{'model__solver': 'adam', 'model__max_iter': 298, 'model__learning_rate_init': 0.016330661322645292, 'model__hidden_layer_sizes': (116, 116)}",0.6585365853658537,0.6335504885993485,0.6400651465798045,0.6440507401816689,0.01058268948726196,12
12,74.12611103057861,15.71715251901817,0.01828320821126302,0.0007524703221170126,lbfgs,10000,0.6709673346693387,"(30, 30, 30, 30)","{'model__solver': 'lbfgs', 'model__max_iter': 10000, 'model__learning_rate_init': 0.6709673346693387, 'model__hidden_layer_sizes': (30, 30, 30, 30)}",0.6601626016260163,0.6237785016286646,0.6449511400651465,0.6429640811066091,0.014920053298225848,13
13,63.19808506965637,3.2692151151091786,0.029651085535685223,0.002669463997884135,lbfgs,1905,0.7503172344689379,"(116, 116)","{'model__solver': 'lbfgs', 'model__max_iter': 1905, 'model__learning_rate_init': 0.7503172344689379, 'model__hidden_layer_sizes': (116, 116)}",0.640650406504065,0.6368078175895765,0.6498371335504886,0.6424317858813767,0.0054663060633150864,14
14,29.04205282529195,1.1226818978525304,0.026162385940551758,0.008353133358331476,lbfgs,794,0.7214627254509018,"(116, 116)","{'model__solver': 'lbfgs', 'model__max_iter': 794, 'model__learning_rate_init': 0.7214627254509018, 'model__hidden_layer_sizes': (116, 116)}",0.6373983739837399,0.6319218241042345,0.6514657980456026,0.6402619987111923,0.008231726805070588,15
15,456.73726439476013,3.0221626334467264,0.0620573361714681,0.010028401612484424,lbfgs,774,0.5970276553106213,"(710, 710, 710)","{'model__solver': 'lbfgs', 'model__max_iter': 774, 'model__learning_rate_init': 0.5970276553106213, 'model__hidden_layer_sizes': (710, 710, 710)}",0.6439024390243903,0.6302931596091205,0.6465798045602605,0.640258467731257,0.00713080622043109,16
16,373.1933889389038,20.171597723994285,0.0402834415435791,0.009208083843398692,lbfgs,3909,0.0073136272545090185,"(280, 280)","{'model__solver': 'lbfgs', 'model__max_iter': 3909, 'model__learning_rate_init': 0.0073136272545090185, 'model__hidden_layer_sizes': (280, 280)}",0.640650406504065,0.6351791530944625,0.6416938110749185,0.6391744568911486,0.002857039562843653,17
17,1922.8475445906322,67.79893613404866,0.06899523735046387,0.0032443828251054064,lbfgs,2599,0.5807969939879759,"(624, 624, 624, 624)","{'model__solver': 'lbfgs', 'model__max_iter': 2599, 'model__learning_rate_init': 0.5807969939879759, 'model__hidden_layer_sizes': (624, 624, 624, 624)}",0.6308943089430894,0.6286644951140065,0.6563517915309446,0.6386368651960135,0.012559378400677824,18
18,154.6163493792216,8.41512400108405,0.03205442428588867,0.0053576843632438635,lbfgs,3671,0.7340865731462926,"(81, 81, 81)","{'model__solver': 'lbfgs', 'model__max_iter': 3671, 'model__learning_rate_init': 0.7340865731462926, 'model__hidden_layer_sizes': (81, 81, 81)}",0.6617886178861788,0.6221498371335505,0.6319218241042345,0.6386200930413213,0.016861362933323628,19
19,2393.64128335317,206.6088891961459,0.0748143990834554,0.01734219069681034,lbfgs,3095,0.8711454909819639,"(624, 624, 624, 624)","{'model__solver': 'lbfgs', 'model__max_iter': 3095, 'model__learning_rate_init': 0.8711454909819639, 'model__hidden_layer_sizes': (624, 624, 624, 624)}",0.6325203252032521,0.6156351791530945,0.6661237785016286,0.6380930942859918,0.020985177030169878,20
20,4323.097669283549,162.1180117068108,0.06643239657084148,0.010904754491183609,lbfgs,6170,0.6601468937875752,"(710, 710, 710)","{'model__solver': 'lbfgs', 'model__max_iter': 6170, 'model__learning_rate_init': 0.6601468937875752, 'model__hidden_layer_sizes': (710, 710, 710)}",0.6373983739837399,0.6270358306188925,0.6498371335504886,0.6380904460510403,0.00932144755047399,21
21,111.89591789245605,3.0820532897877104,0.03364213307698568,0.009033876035732677,lbfgs,1052,0.2417565130260521,"(131, 131, 131, 131, 131)","{'model__solver': 'lbfgs', 'model__max_iter': 1052, 'model__learning_rate_init': 0.2417565130260521, 'model__hidden_layer_sizes': (131, 131, 131, 131, 131)}",0.640650406504065,0.6140065146579805,0.6596091205211726,0.6380886805610727,0.018705101714659923,22
22,226.7577261130015,63.678067555157355,0.023552656173706055,0.005221037237366573,lbfgs,5972,0.5086607214428858,"(81, 81, 81)","{'model__solver': 'lbfgs', 'model__max_iter': 5972, 'model__learning_rate_init': 0.5086607214428858, 'model__hidden_layer_sizes': (81, 81, 81)}",0.6422764227642277,0.6205211726384365,0.6514657980456026,0.6380877978160889,0.012975641143172442,23
23,368.1765383084615,5.6639836369793795,0.03480712572733561,0.009255830511673866,lbfgs,3611,0.8188466933867735,"(280, 280)","{'model__solver': 'lbfgs', 'model__max_iter': 3611, 'model__learning_rate_init': 0.8188466933867735, 'model__hidden_layer_sizes': (280, 280)}",0.6536585365853659,0.6123778501628665,0.6482084690553745,0.6380816186012023,0.018310991106783515,24
24,20.27577273050944,1.0748445443144132,0.02911527951558431,0.0018240649158301743,lbfgs,556,0.29405531062124246,"(81, 81, 81)","{'model__solver': 'lbfgs', 'model__max_iter': 556, 'model__learning_rate_init': 0.29405531062124246, 'model__hidden_layer_sizes': (81, 81, 81)}",0.6617886178861788,0.6237785016286646,0.6286644951140065,0.6380772048762832,0.016884737946423364,25
25,162.2340362071991,22.448259523738997,0.025707244873046875,0.012296925762512886,lbfgs,4127,0.12633847695390782,"(81, 81, 81)","{'model__solver': 'lbfgs', 'model__max_iter': 4127, 'model__learning_rate_init': 0.12633847695390782, 'model__hidden_layer_sizes': (81, 81, 81)}",0.6390243902439025,0.6221498371335505,0.6514657980456026,0.6375466751410185,0.012013717784078025,26
26,71.24650708834331,6.560784078654957,0.018875281016031902,0.005717004669049628,lbfgs,5615,0.19667134268537073,"(112,)","{'model__solver': 'lbfgs', 'model__max_iter': 5615, 'model__learning_rate_init': 0.19667134268537073, 'model__hidden_layer_sizes': (112,)}",0.6439024390243903,0.6254071661237784,0.6433224755700325,0.6375440269060672,0.008585322033897525,27
27,209.3805472056071,10.178999851390898,0.04274614651997884,0.022739769972185908,lbfgs,2579,0.6926082164328657,"(870,)","{'model__solver': 'lbfgs', 'model__max_iter': 2579, 'model__learning_rate_init': 0.6926082164328657, 'model__hidden_layer_sizes': (870,)}",0.6357723577235772,0.6205211726384365,0.6547231270358306,0.637005552465948,0.013990091686733479,28
28,3533.6006060441337,623.1259954097327,0.062293052673339844,0.014742940511722643,lbfgs,7579,0.2020815631262525,"(710, 710, 710)","{'model__solver': 'lbfgs', 'model__max_iter': 7579, 'model__learning_rate_init': 0.2020815631262525, 'model__hidden_layer_sizes': (710, 710, 710)}",0.6325203252032521,0.6254071661237784,0.6514657980456026,0.6364644297908777,0.010997879951999075,29
29,9.35385799407959,0.26120365613642366,0.015694697697957356,0.0018512312512279961,lbfgs,873,0.198474749498998,"(112,)","{'model__solver': 'lbfgs', 'model__max_iter': 873, 'model__learning_rate_init': 0.198474749498998, 'model__hidden_layer_sizes': (112,)}",0.6455284552845528,0.6107491856677525,0.6530944625407166,0.6364573678310074,0.01843898205893156,30
30,81.59939527511597,9.131424476611288,0.01866491635640462,0.0007183096205100919,lbfgs,7063,0.15158617234468938,"(30, 30, 30, 30)","{'model__solver': 'lbfgs', 'model__max_iter': 7063, 'model__learning_rate_init': 0.15158617234468938, 'model__hidden_layer_sizes': (30, 30, 30, 30)}",0.656910569105691,0.6172638436482085,0.6351791530944625,0.6364511886161206,0.016210680957350676,31
31,463.9869016806285,113.79197547949549,0.0324563185373942,0.009576318219119188,lbfgs,7401,0.5609595190380762,"(870,)","{'model__solver': 'lbfgs', 'model__max_iter': 7401, 'model__learning_rate_init': 0.5609595190380762, 'model__hidden_layer_sizes': (870,)}",0.6260162601626016,0.6237785016286646,0.6579804560260586,0.6359250726057749,0.015622245766338999,32
32,80.94464206695557,3.194432518035351,0.022607962290445965,0.0016283034823719785,lbfgs,1766,0.5645663326653306,"(445,)","{'model__solver': 'lbfgs', 'model__max_iter': 1766, 'model__learning_rate_init': 0.5645663326653306, 'model__hidden_layer_sizes': (445,)}",0.6357723577235772,0.6237785016286646,0.6482084690553745,0.635919776135872,0.009974037171869123,33
33,229.80091659228006,30.35077826579343,0.019629557927449543,0.0021903156105236967,lbfgs,6944,0.21831222444889778,"(116, 116)","{'model__solver': 'lbfgs', 'model__max_iter': 6944, 'model__learning_rate_init': 0.21831222444889778, 'model__hidden_layer_sizes': (116, 116)}",0.6260162601626016,0.6221498371335505,0.6579804560260586,0.6353821844407369,0.01605716279925903,34
34,183.81209365526834,12.412170605803505,0.028290510177612305,0.005566663056412221,lbfgs,4544,0.07043286573146293,"(81, 81, 81)","{'model__solver': 'lbfgs', 'model__max_iter': 4544, 'model__learning_rate_init': 0.07043286573146293, 'model__hidden_layer_sizes': (81, 81, 81)}",0.6292682926829268,0.6416938110749185,0.6351791530944625,0.6353804189507692,0.005074692620321425,35
35,194.0531173547109,85.17194555055316,0.022506316502888996,0.0043066792213851774,lbfgs,9305,0.40586653306613224,"(81, 81, 81)","{'model__solver': 'lbfgs', 'model__max_iter': 9305, 'model__learning_rate_init': 0.40586653306613224, 'model__hidden_layer_sizes': (81, 81, 81)}",0.6439024390243903,0.6156351791530945,0.6465798045602605,0.6353724742459151,0.013999111513211027,36
36,100.80549621582031,1.9921683548134437,0.04774371782938639,0.020001162133424687,lbfgs,1984,0.6835911823647295,"(81, 81, 81)","{'model__solver': 'lbfgs', 'model__max_iter': 1984, 'model__learning_rate_init': 0.6835911823647295, 'model__hidden_layer_sizes': (81, 81, 81)}",0.6195121951219512,0.6302931596091205,0.6547231270358306,0.6348428272556341,0.014730400273612427,37
37,177.02133766810098,51.26845233779952,0.025730609893798828,0.004904105513334805,lbfgs,6488,0.1551929859719439,"(81, 81, 81)","{'model__solver': 'lbfgs', 'model__max_iter': 6488, 'model__learning_rate_init': 0.1551929859719439, 'model__hidden_layer_sizes': (81, 81, 81)}",0.6308943089430894,0.6221498371335505,0.6514657980456026,0.6348366480407476,0.012288556172849959,38
38,14.059738556543985,0.7236346659635173,0.017447948455810547,0.0051679199651154225,lbfgs,1568,0.12273166332665332,"(112,)","{'model__solver': 'lbfgs', 'model__max_iter': 1568, 'model__learning_rate_init': 0.12273166332665332, 'model__hidden_layer_sizes': (112,)}",0.6325203252032521,0.6400651465798045,0.6319218241042345,0.6348357652957636,0.0037057947732156513,39
39,63.9147732257843,1.7655400884961425,0.035866498947143555,0.0039004653225730396,lbfgs,595,0.8386841683366734,"(131, 131, 131, 131, 131)","{'model__solver': 'lbfgs', 'model__max_iter': 595, 'model__learning_rate_init': 0.8386841683366734, 'model__hidden_layer_sizes': (131, 131, 131, 131, 131)}",0.6520325203252032,0.6400651465798045,0.6123778501628665,0.634825172355958,0.01660755277618912,40
40,371.94136571884155,6.185091101806385,0.0317845344543457,0.0027225812508187785,lbfgs,3571,0.3481575150300601,"(131, 131, 131, 131, 131)","{'model__solver': 'lbfgs', 'model__max_iter': 3571, 'model__learning_rate_init': 0.3481575150300601, 'model__hidden_layer_sizes': (131, 131, 131, 131, 131)}",0.6536585365853659,0.6205211726384365,0.6302931596091205,0.6348242896109744,0.01390250760733684,41
41,37.317954222361244,10.720775377020825,0.01729742685953776,0.0013471500731811904,lbfgs,8392,0.488823246492986,"(112,)","{'model__solver': 'lbfgs', 'model__max_iter': 8392, 'model__learning_rate_init': 0.488823246492986, 'model__hidden_layer_sizes': (112,)}",0.6471544715447154,0.6221498371335505,0.6335504885993485,0.6342849324258716,0.010221301003614645,42
42,2387.233604590098,345.80930493037806,0.08762454986572266,0.037512874292512884,lbfgs,3750,0.6817877755511023,"(624, 624, 624, 624)","{'model__solver': 'lbfgs', 'model__max_iter': 3750, 'model__learning_rate_init': 0.6817877755511023, 'model__hidden_layer_sizes': (624, 624, 624, 624)}",0.6260162601626016,0.6140065146579805,0.6612377850162866,0.6337535199456229,0.020043238537843133,43
43,3466.208237171173,68.56333100635028,0.07628885904947917,0.01106924875978848,lbfgs,4921,0.6006344689378758,"(624, 624, 624, 624)","{'model__solver': 'lbfgs', 'model__max_iter': 4921, 'model__learning_rate_init': 0.6006344689378758, 'model__hidden_layer_sizes': (624, 624, 624, 624)}",0.6487804878048781,0.6074918566775245,0.6449511400651465,0.6337411615158497,0.01862678142531052,44
44,3348.482542912165,355.4754353100317,0.05880610148111979,0.005549155711607853,lbfgs,5238,0.10109078156312626,"(624, 624, 624, 624)","{'model__solver': 'lbfgs', 'model__max_iter': 5238, 'model__learning_rate_init': 0.10109078156312626, 'model__hidden_layer_sizes': (624, 624, 624, 624)}",0.616260162601626,0.6237785016286646,0.6579804560260586,0.6326730400854497,0.01815636401971517,45
45,273.941255569458,17.07270443785735,0.03166969617207845,0.009181496937353895,lbfgs,6032,0.48521643286573146,"(445,)","{'model__solver': 'lbfgs', 'model__max_iter': 6032, 'model__learning_rate_init': 0.48521643286573146, 'model__hidden_layer_sizes': (445,)}",0.6227642276422765,0.6221498371335505,0.6514657980456026,0.6321266209404764,0.013677163381634282,46
46,4129.637547969818,652.3614654388707,0.06310097376505534,0.011261240261396986,lbfgs,6389,0.595224248496994,"(624, 624, 624, 624)","{'model__solver': 'lbfgs', 'model__max_iter': 6389, 'model__learning_rate_init': 0.595224248496994, 'model__hidden_layer_sizes': (624, 624, 624, 624)}",0.6227642276422765,0.6237785016286646,0.6498371335504886,0.6321266209404764,0.012530067321232087,46
47,257.04043849309284,9.564663003066904,0.0360105037689209,0.012132375230025602,lbfgs,2679,0.80802625250501,"(280, 280)","{'model__solver': 'lbfgs', 'model__max_iter': 2679, 'model__learning_rate_init': 0.80802625250501, 'model__hidden_layer_sizes': (280, 280)}",0.6292682926829268,0.6107491856677525,0.6563517915309446,0.6321230899605413,0.01872630620278359,48
48,392.2812728881836,109.25009858053664,0.050528923670450844,0.01968251990457086,lbfgs,4901,0.7683513026052105,"(131, 131, 131, 131, 131)","{'model__solver': 'lbfgs', 'model__max_iter': 4901, 'model__learning_rate_init': 0.7683513026052105, 'model__hidden_layer_sizes': (131, 131, 131, 131, 131)}",0.6195121951219512,0.6221498371335505,0.6530944625407166,0.6315854982654061,0.015247206235739816,49
49,424.93224120140076,30.0451309119025,0.035381158192952476,0.007416848792612185,lbfgs,8769,0.3301234468937876,"(131, 131, 131, 131, 131)","{'model__solver': 'lbfgs', 'model__max_iter': 8769, 'model__learning_rate_init': 0.3301234468937876, 'model__hidden_layer_sizes': (131, 131, 131, 131, 131)}",0.6260162601626016,0.6368078175895765,0.6302931596091205,0.6310390791204329,0.004437095511175578,50
50,136.9065237045288,1.3942100547188625,0.045633951822916664,0.010895002161978433,lbfgs,1349,0.45455851703406813,"(280, 280)","{'model__solver': 'lbfgs', 'model__max_iter': 1349, 'model__learning_rate_init': 0.45455851703406813, 'model__hidden_layer_sizes': (280, 280)}",0.6325203252032521,0.6172638436482085,0.6416938110749185,0.6304926599754598,0.010076024243206465,51
51,413.3943588733673,16.390629783847295,0.03309194246927897,0.012960559250940456,lbfgs,4782,0.7665478957915832,"(870,)","{'model__solver': 'lbfgs', 'model__max_iter': 4782, 'model__learning_rate_init': 0.7665478957915832, 'model__hidden_layer_sizes': (870,)}",0.6390243902439025,0.6254071661237784,0.6270358306188925,0.6304891289955245,0.006071855863625148,52
52,290.7879566351573,45.941055070755475,0.025176207224527996,0.002704977855813873,lbfgs,7440,0.20388496993987976,"(81, 81, 81)","{'model__solver': 'lbfgs', 'model__max_iter': 7440, 'model__learning_rate_init': 0.20388496993987976, 'model__hidden_layer_sizes': (81, 81, 81)}",0.6439024390243903,0.6123778501628665,0.6351791530944625,0.630486480760573,0.013290743795262558,53
53,115.72956728935242,5.466380250353912,0.0293124516805013,0.0013115758369509033,lbfgs,2460,0.36799498997995994,"(81, 81, 81)","{'model__solver': 'lbfgs', 'model__max_iter': 2460, 'model__learning_rate_init': 0.36799498997995994, 'model__hidden_layer_sizes': (81, 81, 81)}",0.6211382113821138,0.6237785016286646,0.6449511400651465,0.6299559510253082,0.010657846996520812,54
54,437.7274952729543,11.775969171319806,0.03654670715332031,0.01060690470576289,lbfgs,4048,0.15158617234468938,"(280, 280)","{'model__solver': 'lbfgs', 'model__max_iter': 4048, 'model__learning_rate_init': 0.15158617234468938, 'model__hidden_layer_sizes': (280, 280)}",0.6276422764227643,0.6205211726384365,0.6416938110749185,0.6299524200453731,0.008796693593174986,55
55,331.51822368303937,102.2479872707337,0.030540068944295246,0.0017540640753888118,lbfgs,7559,0.4725925851703407,"(870,)","{'model__solver': 'lbfgs', 'model__max_iter': 7559, 'model__learning_rate_init': 0.4725925851703407, 'model__hidden_layer_sizes': (870,)}",0.6292682926829268,0.6123778501628665,0.6482084690553745,0.6299515373003892,0.01463576509696953,56
56,54.913828214009605,4.83634094555818,0.016257445017496746,0.0017786809775020703,lbfgs,8829,0.7503172344689379,"(112,)","{'model__solver': 'lbfgs', 'model__max_iter': 8829, 'model__learning_rate_init': 0.7503172344689379, 'model__hidden_layer_sizes': (112,)}",0.6195121951219512,0.6091205211726385,0.6596091205211726,0.6294139456052541,0.021768603737483815,57
57,145.18068226178488,2.061033944603179,0.06342705090840657,0.015629975027210443,lbfgs,1687,0.5140709418837676,"(870,)","{'model__solver': 'lbfgs', 'model__max_iter': 1687, 'model__learning_rate_init': 0.5140709418837676, 'model__hidden_layer_sizes': (870,)}",0.6373983739837399,0.6140065146579805,0.6368078175895765,0.6294042354104322,0.01089050174820656,58
58,1.2487908204396565,0.6502636828234911,0.013628880182902018,0.00027799594963482906,adam,2540,0.041578356713426856,"(112,)","{'model__solver': 'adam', 'model__max_iter': 2540, 'model__learning_rate_init': 0.041578356713426856, 'model__hidden_layer_sizes': (112,)}",0.6715447154471544,0.6074918566775245,0.6091205211726385,0.6293856977657725,0.029818341289701986,59
59,89.05258226394653,4.969045583247673,0.033293565114339195,0.0034120105114578162,lbfgs,1865,0.05059539078156313,"(445,)","{'model__solver': 'lbfgs', 'model__max_iter': 1865, 'model__learning_rate_init': 0.05059539078156313, 'model__hidden_layer_sizes': (445,)}",0.6390243902439025,0.6091205211726385,0.6384364820846905,0.6288604645004104,0.013960311145975091,60
60,575.5608971913656,94.56944869935298,0.033323049545288086,0.006057900516007554,lbfgs,9305,0.6673605210420842,"(280, 280)","{'model__solver': 'lbfgs', 'model__max_iter': 9305, 'model__learning_rate_init': 0.6673605210420842, 'model__hidden_layer_sizes': (280, 280)}",0.6520325203252032,0.6091205211726385,0.6254071661237784,0.62885340254054,0.017687421649250995,61
61,2401.961086591085,106.26544255018065,0.07935253779093425,0.007386357539387919,lbfgs,3314,0.7358899799599199,"(624, 624, 624, 624)","{'model__solver': 'lbfgs', 'model__max_iter': 3314, 'model__learning_rate_init': 0.7358899799599199, 'model__hidden_layer_sizes': (624, 624, 624, 624)}",0.6211382113821138,0.6254071661237784,0.6384364820846905,0.6283272865301942,0.007357665830768185,62
62,2704.517092784246,113.35154465490425,0.05248220761617025,0.021841279673203987,lbfgs,4682,0.5934208416833667,"(710, 710, 710)","{'model__solver': 'lbfgs', 'model__max_iter': 4682, 'model__learning_rate_init': 0.5934208416833667, 'model__hidden_layer_sizes': (710, 710, 710)}",0.624390243902439,0.6140065146579805,0.6465798045602605,0.6283255210402268,0.01358601262028685,63
63,103.009668191274,4.932672663610689,0.021622419357299805,0.001954896765171101,lbfgs,2500,0.2489701402805611,"(116, 116)","{'model__solver': 'lbfgs', 'model__max_iter': 2500, 'model__learning_rate_init': 0.2489701402805611, 'model__hidden_layer_sizes': (116, 116)}",0.6357723577235772,0.6156351791530945,0.6335504885993485,0.62831934182534,0.009014808654774316,64
64,60.09907738367716,0.8413503122303041,0.028410832087198894,0.009250333071232906,lbfgs,1468,0.20027815631262524,"(116, 116)","{'model__solver': 'lbfgs', 'model__max_iter': 1468, 'model__learning_rate_init': 0.20027815631262524, 'model__hidden_layer_sizes': (116, 116)}",0.6439024390243903,0.6270358306188925,0.6140065146579805,0.6283149281004211,0.012238426947010326,65
65,256.76144512494403,102.45231281075829,0.026036739349365234,0.004678094643303359,lbfgs,8849,0.4563619238476954,"(116, 116)","{'model__solver': 'lbfgs', 'model__max_iter': 8849, 'model__learning_rate_init': 0.4563619238476954, 'model__hidden_layer_sizes': (116, 116)}",0.6195121951219512,0.6205211726384365,0.6433224755700325,0.6277852811101402,0.010994174750614597,66
66,233.84978087743124,37.1487473644566,0.02806742986043294,0.008033389673982832,lbfgs,6547,0.885572745490982,"(81, 81, 81)","{'model__solver': 'lbfgs', 'model__max_iter': 6547, 'model__learning_rate_init': 0.885572745490982, 'model__hidden_layer_sizes': (81, 81, 81)}",0.6357723577235772,0.6188925081433225,0.6286644951140065,0.6277764536603021,0.006919720306516687,67
67,4410.8414954344435,399.7425378024551,0.08304691314697266,0.01023104925953021,lbfgs,5774,0.5483356713426853,"(624, 624, 624, 624)","{'model__solver': 'lbfgs', 'model__max_iter': 5774, 'model__learning_rate_init': 0.5483356713426853, 'model__hidden_layer_sizes': (624, 624, 624, 624)}",0.624390243902439,0.6123778501628665,0.6433224755700325,0.6266968565451126,0.012737943497283036,68
68,153.75535360972086,6.87332327703256,0.027466773986816406,0.004329096146098751,lbfgs,1845,0.8945897795591182,"(870,)","{'model__solver': 'lbfgs', 'model__max_iter': 1845, 'model__learning_rate_init': 0.8945897795591182, 'model__hidden_layer_sizes': (870,)}",0.6325203252032521,0.6074918566775245,0.6400651465798045,0.6266924428201937,0.01392187639574413,69
69,220.0197958946228,8.51135420641172,0.031180461247762043,0.00961220101209225,lbfgs,7738,0.6312923847695391,"(116, 116)","{'model__solver': 'lbfgs', 'model__max_iter': 7738, 'model__learning_rate_init': 0.6312923847695391, 'model__hidden_layer_sizes': (116, 116)}",0.6292682926829268,0.6140065146579805,0.6335504885993485,0.6256084319800853,0.008387993984593717,70
70,4462.196445067723,65.6734411191775,0.0707695484161377,0.010450342643659287,lbfgs,6270,0.4671823647294589,"(624, 624, 624, 624)","{'model__solver': 'lbfgs', 'model__max_iter': 6270, 'model__learning_rate_init': 0.4671823647294589, 'model__hidden_layer_sizes': (624, 624, 624, 624)}",0.6373983739837399,0.6042345276872965,0.6351791530944625,0.6256040182551663,0.015137648005036078,71
71,5.506828625996907,1.4344459995773975,0.021519581476847332,0.001715402046708672,adam,2996,0.012723847695390781,"(870,)","{'model__solver': 'adam', 'model__max_iter': 2996, 'model__learning_rate_init': 0.012723847695390781, 'model__hidden_layer_sizes': (870,)}",0.6585365853658537,0.6254071661237784,0.5912052117263844,0.6250496544053389,0.027489080620203495,72
72,1707.932686805725,122.43992993451181,0.07942748069763184,0.01950389392363692,lbfgs,2698,0.08486012024048097,"(710, 710, 710)","{'model__solver': 'lbfgs', 'model__max_iter': 2698, 'model__learning_rate_init': 0.08486012024048097, 'model__hidden_layer_sizes': (710, 710, 710)}",0.624390243902439,0.6107491856677525,0.6384364820846905,0.6245253038849606,0.011303694871412803,73
73,298.5122141838074,104.8191355684835,0.03554860750834147,0.015471039469237021,lbfgs,4881,0.36258476953907814,"(870,)","{'model__solver': 'lbfgs', 'model__max_iter': 4881, 'model__learning_rate_init': 0.36258476953907814, 'model__hidden_layer_sizes': (870,)}",0.6130081300813008,0.6172638436482085,0.6416938110749185,0.6239885949348093,0.01263945630204292,74
74,130.91541075706482,8.590873382593925,0.030632575352986652,0.0016762652455165684,lbfgs,3948,0.7719581162324649,"(116, 116)","{'model__solver': 'lbfgs', 'model__max_iter': 3948, 'model__learning_rate_init': 0.7719581162324649, 'model__hidden_layer_sizes': (116, 116)}",0.616260162601626,0.6254071661237784,0.6302931596091205,0.6239868294448416,0.005816314323477674,75
75,27.275880813598633,2.2348892744981814,0.02017498016357422,0.007897373163357991,lbfgs,2421,0.885572745490982,"(112,)","{'model__solver': 'lbfgs', 'model__max_iter': 2421, 'model__learning_rate_init': 0.885572745490982, 'model__hidden_layer_sizes': (112,)}",0.6471544715447154,0.5977198697068404,0.6270358306188925,0.6239700572901494,0.020297687705659668,76
76,1.0222033659617107,0.18843015225181997,0.01635591189066569,0.0034492424974658926,adam,5893,0.07764649298597195,"(112,)","{'model__solver': 'adam', 'model__max_iter': 5893, 'model__learning_rate_init': 0.07764649298597195, 'model__hidden_layer_sizes': (112,)}",0.616260162601626,0.6400651465798045,0.6140065146579805,0.6234439412798037,0.011788923656892419,77
77,3719.1054339408875,498.6854815371402,0.05256056785583496,0.004692853793797365,lbfgs,7619,0.005510220440881764,"(710, 710, 710)","{'model__solver': 'lbfgs', 'model__max_iter': 7619, 'model__learning_rate_init': 0.005510220440881764, 'model__hidden_layer_sizes': (710, 710, 710)}",0.6211382113821138,0.6188925081433225,0.6302931596091205,0.6234412930448522,0.004930980451531714,78
78,231.64252082506815,56.60602799913076,0.0229953130086263,0.004551095400970593,lbfgs,7202,0.028954509018036072,"(116, 116)","{'model__solver': 'lbfgs', 'model__max_iter': 7202, 'model__learning_rate_init': 0.028954509018036072, 'model__hidden_layer_sizes': (116, 116)}",0.624390243902439,0.6058631921824105,0.6400651465798045,0.6234395275548846,0.013979063328909313,79
79,5113.334285974503,913.3965324351385,0.07561707496643066,0.0156929799710476,lbfgs,8829,0.7611376753507014,"(624, 624, 624, 624)","{'model__solver': 'lbfgs', 'model__max_iter': 8829, 'model__learning_rate_init': 0.7611376753507014, 'model__hidden_layer_sizes': (624, 624, 624, 624)}",0.5983739837398374,0.6221498371335505,0.6482084690553745,0.6229107633095875,0.020351957123745375,80
80,3046.0514709154763,356.2592506464822,0.05534180005391439,0.0044038568478052655,lbfgs,8273,0.48160961923847695,"(710, 710, 710)","{'model__solver': 'lbfgs', 'model__max_iter': 8273, 'model__learning_rate_init': 0.48160961923847695, 'model__hidden_layer_sizes': (710, 710, 710)}",0.624390243902439,0.6009771986970684,0.6433224755700325,0.6228966393898467,0.017319618148062113,81
81,54.894900480906166,16.63182655769806,0.018538475036621094,0.004761717568378671,lbfgs,6230,0.5519424849699399,"(30, 30, 30, 30)","{'model__solver': 'lbfgs', 'model__max_iter': 6230, 'model__learning_rate_init': 0.5519424849699399, 'model__hidden_layer_sizes': (30, 30, 30, 30)}",0.6178861788617886,0.6205211726384365,0.6286644951140065,0.622357282204744,0.004587773538643748,82
82,63.02871823310852,29.925870066202368,0.018161535263061523,0.0018049544311994632,lbfgs,9226,0.10830440881763527,"(30, 30, 30, 30)","{'model__solver': 'lbfgs', 'model__max_iter': 9226, 'model__learning_rate_init': 0.10830440881763527, 'model__hidden_layer_sizes': (30, 30, 30, 30)}",0.6308943089430894,0.5993485342019544,0.6368078175895765,0.6223502202448734,0.016442841740217953,83
83,3.6737708250681558,0.8177972352649358,0.01937103271484375,0.001483014004698852,adam,1191,0.1425691382765531,"(870,)","{'model__solver': 'adam', 'model__max_iter': 1191, 'model__learning_rate_init': 0.1425691382765531, 'model__hidden_layer_sizes': (870,)}",0.583739837398374,0.6563517915309446,0.6254071661237784,0.6218329316843656,0.029751250221445005,84
84,372.0861750443776,67.79421040635782,0.03116289774576823,0.010609574329113271,lbfgs,8710,0.5988310621242485,"(81, 81, 81)","{'model__solver': 'lbfgs', 'model__max_iter': 8710, 'model__learning_rate_init': 0.5988310621242485, 'model__hidden_layer_sizes': (81, 81, 81)}",0.616260162601626,0.6205211726384365,0.6286644951140065,0.6218152767846896,0.005146059685198444,85
85,4636.4219307899475,1342.1703503523895,0.0689702828725179,0.013455878658388577,lbfgs,8154,0.8116330661322645,"(624, 624, 624, 624)","{'model__solver': 'lbfgs', 'model__max_iter': 8154, 'model__learning_rate_init': 0.8116330661322645, 'model__hidden_layer_sizes': (624, 624, 624, 624)}",0.6113821138211382,0.6074918566775245,0.6449511400651465,0.6212750368546031,0.01681669651642061,86
86,266.0349584420522,33.16618029304606,0.029695908228556316,0.01141143361683832,lbfgs,5536,0.8531114228456914,"(445,)","{'model__solver': 'lbfgs', 'model__max_iter': 5536, 'model__learning_rate_init': 0.8531114228456914, 'model__hidden_layer_sizes': (445,)}",0.616260162601626,0.6074918566775245,0.6400651465798045,0.6212723886196517,0.013762185170636355,87
87,421.99732486406964,47.86289654367407,0.03308399518330892,0.008410130028442167,lbfgs,4563,0.5050539078156313,"(131, 131, 131, 131, 131)","{'model__solver': 'lbfgs', 'model__max_iter': 4563, 'model__learning_rate_init': 0.5050539078156313, 'model__hidden_layer_sizes': (131, 131, 131, 131, 131)}",0.6097560975609756,0.6221498371335505,0.6302931596091205,0.6207330314345488,0.00844386298577773,88
88,0.982270081837972,0.19453112230251626,0.01626928647359212,0.0011557877198163685,adam,3591,0.07043286573146293,"(112,)","{'model__solver': 'adam', 'model__max_iter': 3591, 'model__learning_rate_init': 0.07043286573146293, 'model__hidden_layer_sizes': (112,)}",0.6487804878048781,0.6009771986970684,0.6123778501628665,0.6207118455549377,0.020385946495523253,89
89,70.62446665763855,19.25202053293761,0.02133345603942871,0.007902514898085867,lbfgs,8254,0.6565400801603206,"(30, 30, 30, 30)","{'model__solver': 'lbfgs', 'model__max_iter': 8254, 'model__learning_rate_init': 0.6565400801603206, 'model__hidden_layer_sizes': (30, 30, 30, 30)}",0.6211382113821138,0.6123778501628665,0.6270358306188925,0.6201839640546242,0.006022017310604225,90
90,0.9167874654134115,0.3749338089696529,0.014959494272867838,0.002382805188780016,adam,953,0.11010781563126253,"(112,)","{'model__solver': 'adam', 'model__max_iter': 953, 'model__learning_rate_init': 0.11010781563126253, 'model__hidden_layer_sizes': (112,)}",0.6227642276422765,0.6286644951140065,0.6091205211726385,0.6201830813096405,0.008184883083998118,91
91,708.7140361467997,84.38470424418463,0.025285879770914715,0.0033117718157197207,lbfgs,9444,0.0001,"(280, 280)","{'model__solver': 'lbfgs', 'model__max_iter': 9444, 'model__learning_rate_init': 0.0001, 'model__hidden_layer_sizes': (280, 280)}",0.6308943089430894,0.6140065146579805,0.6140065146579805,0.6196357794196835,0.00796098257218928,92
92,46.97313984235128,5.489468834278946,0.015312115351359049,0.001616360116342958,lbfgs,5417,0.48521643286573146,"(112,)","{'model__solver': 'lbfgs', 'model__max_iter': 5417, 'model__learning_rate_init': 0.48521643286573146, 'model__hidden_layer_sizes': (112,)}",0.6130081300813008,0.6009771986970684,0.6433224755700325,0.6191026014494673,0.017816426022167427,93
93,152.874431848526,40.309704029390204,0.03719933827718099,0.009738500422778545,lbfgs,8214,0.19667134268537073,"(116, 116)","{'model__solver': 'lbfgs', 'model__max_iter': 8214, 'model__learning_rate_init': 0.19667134268537073, 'model__hidden_layer_sizes': (116, 116)}",0.6178861788617886,0.6156351791530945,0.6237785016286646,0.6190999532145159,0.003433497863674388,94
94,65.4973566532135,1.2787726677972797,0.015781323115030926,0.0016033923470961354,lbfgs,6944,0.7250695390781563,"(112,)","{'model__solver': 'lbfgs', 'model__max_iter': 6944, 'model__learning_rate_init': 0.7250695390781563, 'model__hidden_layer_sizes': (112,)}",0.6195121951219512,0.6091205211726385,0.6286644951140065,0.6190990704695319,0.00798413983423992,95
95,210.87895250320435,10.133115387999153,0.021390597025553387,0.001967686336718797,lbfgs,7123,0.23454288577154309,"(81, 81, 81)","{'model__solver': 'lbfgs', 'model__max_iter': 7123, 'model__learning_rate_init': 0.23454288577154309, 'model__hidden_layer_sizes': (81, 81, 81)}",0.6390243902439025,0.5944625407166124,0.6237785016286646,0.6190884775297265,0.018492103771784587,96
96,68.34707355499268,3.231978934996793,0.024399995803833008,0.0013041810968148502,lbfgs,1468,0.2814314629258517,"(81, 81, 81)","{'model__solver': 'lbfgs', 'model__max_iter': 1468, 'model__learning_rate_init': 0.2814314629258517, 'model__hidden_layer_sizes': (81, 81, 81)}",0.6178861788617886,0.5944625407166124,0.6335504885993485,0.6152997360592498,0.016062050143095603,97
97,578.642720858256,71.2644392283817,0.033153374989827476,0.004569334733714448,lbfgs,6448,0.48160961923847695,"(280, 280)","{'model__solver': 'lbfgs', 'model__max_iter': 6448, 'model__learning_rate_init': 0.48160961923847695, 'model__hidden_layer_sizes': (280, 280)}",0.6146341463414634,0.5993485342019544,0.6270358306188925,0.6136728370541035,0.011323712064493119,98
98,65.46384739875793,7.800857217190894,0.024878263473510742,0.008213783907239385,lbfgs,6587,0.15158617234468938,"(112,)","{'model__solver': 'lbfgs', 'model__max_iter': 6587, 'model__learning_rate_init': 0.15158617234468938, 'model__hidden_layer_sizes': (112,)}",0.6065040650406504,0.6074918566775245,0.6237785016286646,0.6125914744489465,0.007920695083946572,99
99,3042.6076946258545,369.2821643250662,0.0536347230275472,0.006205839302055818,lbfgs,6686,0.7503172344689379,"(710, 710, 710)","{'model__solver': 'lbfgs', 'model__max_iter': 6686, 'model__learning_rate_init': 0.7503172344689379, 'model__hidden_layer_sizes': (710, 710, 710)}",0.6195121951219512,0.5977198697068404,0.6188925081433225,0.6120415243240381,0.010130098591774056,100
100,1.937732219696045,0.4394398324645769,0.018333037694295246,0.00019381287951506293,adam,7996,0.08305671342685371,"(870,)","{'model__solver': 'adam', 'model__max_iter': 7996, 'model__learning_rate_init': 0.08305671342685371, 'model__hidden_layer_sizes': (870,)}",0.6178861788617886,0.6270358306188925,0.5781758957654723,0.6076993017487178,0.02120774477178434,101
101,1.8634015719095867,0.5411146660860036,0.015225489934285482,0.0017406908983800876,adam,4464,0.03797154308617235,"(30, 30, 30, 30)","{'model__solver': 'adam', 'model__max_iter': 4464, 'model__learning_rate_init': 0.03797154308617235, 'model__hidden_layer_sizes': (30, 30, 30, 30)}",0.6032520325203252,0.6107491856677525,0.6026058631921825,0.6055356937934201,0.003695921792368436,102
102,0.6458985010782877,0.06839154555648666,0.012455940246582031,3.013960399554523e-05,adam,3611,0.18585090180360722,"(112,)","{'model__solver': 'adam', 'model__max_iter': 3611, 'model__learning_rate_init': 0.18585090180360722, 'model__hidden_layer_sizes': (112,)}",0.6,0.6286644951140065,0.5781758957654723,0.6022801302931596,0.02067484641876916,103
103,1.0596655209859211,0.2783955388636354,0.013477484385172525,0.00013839458644219777,adam,7718,0.3535677354709419,"(112,)","{'model__solver': 'adam', 'model__max_iter': 7718, 'model__learning_rate_init': 0.3535677354709419, 'model__hidden_layer_sizes': (112,)}",0.6048780487804878,0.6172638436482085,0.5830618892508144,0.6017345938931703,0.014138703444135363,104
104,0.8147057692209879,0.052639103605416356,0.012772798538208008,0.00013088825327567917,adam,4147,0.22011563126252504,"(112,)","{'model__solver': 'adam', 'model__max_iter': 4147, 'model__learning_rate_init': 0.22011563126252504, 'model__hidden_layer_sizes': (112,)}",0.6113821138211382,0.5684039087947883,0.5879478827361564,0.5892446351173609,0.017569722097505524,105
105,4.740653196970622,0.7325934801770531,0.019841670989990234,0.0012511500266174065,adam,6726,0.041578356713426856,"(131, 131, 131, 131, 131)","{'model__solver': 'adam', 'model__max_iter': 6726, 'model__learning_rate_init': 0.041578356713426856, 'model__hidden_layer_sizes': (131, 131, 131, 131, 131)}",0.583739837398374,0.5814332247557004,0.5993485342019544,0.5881738654520096,0.00795759728075759,106
106,3.7121785481770835,0.43843224448515705,0.02373059590657552,0.00316068117748205,adam,1091,0.03797154308617235,"(280, 280)","{'model__solver': 'adam', 'model__max_iter': 1091, 'model__learning_rate_init': 0.03797154308617235, 'model__hidden_layer_sizes': (280, 280)}",0.6,0.5814332247557004,0.5765472312703583,0.5859934853420196,0.010102972260111259,107
107,1.3234941959381104,0.35454247841714925,0.01732635498046875,0.00014361442822734822,adam,6885,0.1155180360721443,"(445,)","{'model__solver': 'adam', 'model__max_iter': 6885, 'model__learning_rate_init': 0.1155180360721443, 'model__hidden_layer_sizes': (445,)}",0.567479674796748,0.6205211726384365,0.5651465798045603,0.5843824757465815,0.025571662608463906,108
108,3.0606342951456704,0.9717585943249928,0.018148024876912434,0.00043438274462828745,adam,3770,0.5537458917835671,"(870,)","{'model__solver': 'adam', 'model__max_iter': 3770, 'model__learning_rate_init': 0.5537458917835671, 'model__hidden_layer_sizes': (870,)}",0.6048780487804878,0.5472312703583062,0.5993485342019544,0.5838192844469161,0.025969930869883508,109
109,1.0784226258595784,0.16015232846500077,0.013672749201456705,9.214794976387585e-05,adam,2877,0.40586653306613224,"(112,)","{'model__solver': 'adam', 'model__max_iter': 2877, 'model__learning_rate_init': 0.40586653306613224, 'model__hidden_layer_sizes': (112,)}",0.5609756097560976,0.6270358306188925,0.5602605863192183,0.5827573422314029,0.03131098012986941,110
110,1.5819942156473796,0.4431956591923967,0.015503883361816406,0.0001647199206929483,adam,3413,0.0758430861723447,"(445,)","{'model__solver': 'adam', 'model__max_iter': 3413, 'model__learning_rate_init': 0.0758430861723447, 'model__hidden_layer_sizes': (445,)}",0.6016260162601627,0.5342019543973942,0.6107491856677525,0.5821923854417698,0.034138142488802016,111
111,1.3918548425038655,0.21648711887925454,0.014122724533081055,0.00036003531660836553,adam,4147,0.054202204408817636,"(30, 30, 30, 30)","{'model__solver': 'adam', 'model__max_iter': 4147, 'model__learning_rate_init': 0.054202204408817636, 'model__hidden_layer_sizes': (30, 30, 30, 30)}",0.6032520325203252,0.5749185667752443,0.5570032573289903,0.57839128554152,0.019039995332578073,112
112,1.9442328612009685,0.5547878767784056,0.018044153849283855,0.001055992560234185,adam,6726,0.3265166332665331,"(445,)","{'model__solver': 'adam', 'model__max_iter': 6726, 'model__learning_rate_init': 0.3265166332665331, 'model__hidden_layer_sizes': (445,)}",0.5138211382113821,0.6286644951140065,0.5863192182410424,0.576268283855477,0.047420214519992045,113
113,3.2254305680592856,1.9245934890073744,0.02247468630472819,0.001749388926080805,adam,4802,0.3842256513026052,"(870,)","{'model__solver': 'adam', 'model__max_iter': 4802, 'model__learning_rate_init': 0.3842256513026052, 'model__hidden_layer_sizes': (870,)}",0.6357723577235772,0.5325732899022801,0.48859934853420195,0.5523149987200198,0.061683465957241716,114
114,47.88614741961161,11.492505164291158,0.05190539360046387,0.006588900920823914,adam,4246,0.048791983967935874,"(624, 624, 624, 624)","{'model__solver': 'adam', 'model__max_iter': 4246, 'model__learning_rate_init': 0.048791983967935874, 'model__hidden_layer_sizes': (624, 624, 624, 624)}",0.5951219512195122,0.4820846905537459,0.5700325732899023,0.5490797383543867,0.04846731918575867,115
115,2.319643179575602,0.4230474036343623,0.01754625638326009,0.00019010243604243595,adam,6924,0.8386841683366734,"(870,)","{'model__solver': 'adam', 'model__max_iter': 6924, 'model__learning_rate_init': 0.8386841683366734, 'model__hidden_layer_sizes': (870,)}",0.5609756097560976,0.509771986970684,0.5732899022801303,0.5480124996689707,0.027503491398520385,116
116,3.074431816736857,1.2485299594296908,0.020711104075113933,0.0032357412899453562,adam,338,0.7142490981963928,"(870,)","{'model__solver': 'adam', 'model__max_iter': 338, 'model__learning_rate_init': 0.7142490981963928, 'model__hidden_layer_sizes': (870,)}",0.567479674796748,0.5504885993485342,0.5244299674267101,0.5474660805239975,0.01770444466219303,117
117,2.836049795150757,0.7860831208004387,0.018784046173095703,0.0009573600792734263,adam,516,0.2147054108216433,"(870,)","{'model__solver': 'adam', 'model__max_iter': 516, 'model__learning_rate_init': 0.2147054108216433, 'model__hidden_layer_sizes': (870,)}",0.6,0.5895765472312704,0.44625407166123776,0.5452768729641694,0.07014888203107916,118
118,1.2225418885548909,0.18209208880860644,0.016134182612101238,0.0016774805733100807,adam,4266,0.71605250501002,"(445,)","{'model__solver': 'adam', 'model__max_iter': 4266, 'model__learning_rate_init': 0.71605250501002, 'model__hidden_layer_sizes': (445,)}",0.5642276422764227,0.5407166123778502,0.49185667752442996,0.532266977392901,0.03014339489084028,119
119,4.845501979192098,0.9994525736147792,0.02049088478088379,0.0012481888838056113,adam,3790,0.03797154308617235,"(131, 131, 131, 131, 131)","{'model__solver': 'adam', 'model__max_iter': 3790, 'model__learning_rate_init': 0.03797154308617235, 'model__hidden_layer_sizes': (131, 131, 131, 131, 131)}",0.6048780487804878,0.4820846905537459,0.503257328990228,0.5300733561081539,0.05359649670729261,120
120,1.2959074974060059,0.5974933580190477,0.014227628707885742,0.00014797223313947337,adam,7460,0.524891382765531,"(445,)","{'model__solver': 'adam', 'model__max_iter': 7460, 'model__learning_rate_init': 0.524891382765531, 'model__hidden_layer_sizes': (445,)}",0.4894308943089431,0.5749185667752443,0.5211726384364821,0.5285073665068899,0.03528346366998305,121
121,2.286209980646769,0.4807814344144283,0.01537028948465983,0.00015960129011050763,adam,1151,0.8945897795591182,"(445,)","{'model__solver': 'adam', 'model__max_iter': 1151, 'model__learning_rate_init': 0.8945897795591182, 'model__hidden_layer_sizes': (445,)}",0.4959349593495935,0.509771986970684,0.5798045602605864,0.5285038355269546,0.03671229677727066,122
122,1.6466997464497883,0.3714064905176724,0.01760093371073405,0.0003227851417554518,adam,9127,0.43111422845691383,"(870,)","{'model__solver': 'adam', 'model__max_iter': 9127, 'model__learning_rate_init': 0.43111422845691383, 'model__hidden_layer_sizes': (870,)}",0.5203252032520326,0.5537459283387622,0.504885993485342,0.5263190416920456,0.020392284209210933,123
123,2.131028175354004,0.5025693868786467,0.017085711161295574,9.408009081136508e-05,adam,3770,0.6745741482965932,"(445,)","{'model__solver': 'adam', 'model__max_iter': 3770, 'model__learning_rate_init': 0.6745741482965932, 'model__hidden_layer_sizes': (445,)}",0.5024390243902439,0.5618892508143323,0.50814332247557,0.5241571992267154,0.026782028077543586,124
124,1.7378162542978923,0.6376768201806323,0.014227946599324545,0.0031570911495895247,adam,7440,0.488823246492986,"(870,)","{'model__solver': 'adam', 'model__max_iter': 7440, 'model__learning_rate_init': 0.488823246492986, 'model__hidden_layer_sizes': (870,)}",0.6032520325203252,0.43322475570032576,0.50814332247557,0.5148733702320737,0.06957628366433395,125
125,29.331351041793823,8.053764897297121,0.052848259607950844,0.0007447494588281999,adam,2203,0.10289418837675351,"(710, 710, 710)","{'model__solver': 'adam', 'model__max_iter': 2203, 'model__learning_rate_init': 0.10289418837675351, 'model__hidden_layer_sizes': (710, 710, 710)}",0.4813008130081301,0.5732899022801303,0.48534201954397393,0.5133109116107447,0.0424436279383609,126
126,0.9998602867126465,0.33272504981272855,0.01490020751953125,0.00039477830883046796,adam,4940,0.10289418837675351,"(81, 81, 81)","{'model__solver': 'adam', 'model__max_iter': 4940, 'model__learning_rate_init': 0.10289418837675351, 'model__hidden_layer_sizes': (81, 81, 81)}",0.5300813008130081,0.501628664495114,0.501628664495114,0.5111128766010787,0.013412701388678361,127
127,29.76106031735738,15.799369800956763,0.05445329348246256,0.005794408804862829,adam,7202,0.04518517034068137,"(624, 624, 624, 624)","{'model__solver': 'adam', 'model__max_iter': 7202, 'model__learning_rate_init': 0.04518517034068137, 'model__hidden_layer_sizes': (624, 624, 624, 624)}",0.4926829268292683,0.5195439739413681,0.4837133550488599,0.4986467519398321,0.015223528281732946,128
128,1.9710071881612141,0.7117075698081317,0.013160069783528646,0.0029226069025634215,adam,4266,0.08666352705410822,"(81, 81, 81)","{'model__solver': 'adam', 'model__max_iter': 4266, 'model__learning_rate_init': 0.08666352705410822, 'model__hidden_layer_sizes': (81, 81, 81)}",0.5154471544715448,0.5,0.4804560260586319,0.49863439351005895,0.014317668053056365,129
129,29.16061282157898,2.556735515364736,0.04996260007222494,0.010276784750845865,adam,8888,0.0794498997995992,"(624, 624, 624, 624)","{'model__solver': 'adam', 'model__max_iter': 8888, 'model__learning_rate_init': 0.0794498997995992, 'model__hidden_layer_sizes': (624, 624, 624, 624)}",0.5024390243902439,0.509771986970684,0.4739413680781759,0.49538412647970126,0.015455031563672604,130
130,44.51663454373678,6.038572131913502,0.08081968625386556,0.01238186156948261,adam,8095,0.25618376753507016,"(624, 624, 624, 624)","{'model__solver': 'adam', 'model__max_iter': 8095, 'model__learning_rate_init': 0.25618376753507016, 'model__hidden_layer_sizes': (624, 624, 624, 624)}",0.4796747967479675,0.4820846905537459,0.5146579804560261,0.4921391559192465,0.01595357830138183,131
131,13.395772298177084,5.30172665019002,0.038330793380737305,0.001701588070783468,adam,3631,0.694411623246493,"(710, 710, 710)","{'model__solver': 'adam', 'model__max_iter': 3631, 'model__learning_rate_init': 0.694411623246493, 'model__hidden_layer_sizes': (710, 710, 710)}",0.4861788617886179,0.506514657980456,0.4804560260586319,0.49104984860923534,0.011182067753453855,132
132,2.259923775990804,1.2700290151991638,0.019628604253133137,0.0011858589782604999,adam,5615,0.13535551102204407,"(280, 280)","{'model__solver': 'adam', 'model__max_iter': 5615, 'model__learning_rate_init': 0.13535551102204407, 'model__hidden_layer_sizes': (280, 280)}",0.4813008130081301,0.50814332247557,0.4804560260586319,0.48996672051411067,0.012857424843166343,133
133,1.3808856805165608,0.49256953696783157,0.017006874084472656,0.001132152524341094,adam,9960,0.304875751503006,"(81, 81, 81)","{'model__solver': 'adam', 'model__max_iter': 9960, 'model__learning_rate_init': 0.304875751503006, 'model__hidden_layer_sizes': (81, 81, 81)}",0.4813008130081301,0.4820846905537459,0.48859934853420195,0.4839949506986927,0.0032714905443199395,134
134,4.4767452875773115,0.5360178854464532,0.036003430684407554,0.009640726833216427,adam,2996,0.13355210420841682,"(131, 131, 131, 131, 131)","{'model__solver': 'adam', 'model__max_iter': 2996, 'model__learning_rate_init': 0.13355210420841682, 'model__hidden_layer_sizes': (131, 131, 131, 131, 131)}",0.4813008130081301,0.4820846905537459,0.48534201954397393,0.4829091743686167,0.0017497938425377574,135
135,0.8224860032399496,0.3609467475176469,0.008505423863728842,4.4680571865884114e-05,adam,7877,0.4166869739478958,"(116, 116)","{'model__solver': 'adam', 'model__max_iter': 7877, 'model__learning_rate_init': 0.4166869739478958, 'model__hidden_layer_sizes': (116, 116)}",0.4813008130081301,0.48697068403908794,0.4804560260586319,0.4829091743686167,0.0028925550239663513,135
136,17.584511677424114,2.5788128493066353,0.04218626022338867,0.001672382915499328,adam,7004,0.21109859719438878,"(710, 710, 710)","{'model__solver': 'adam', 'model__max_iter': 7004, 'model__learning_rate_init': 0.21109859719438878, 'model__hidden_layer_sizes': (710, 710, 710)}",0.4813008130081301,0.4820846905537459,0.4837133550488599,0.48236628620357863,0.001004842228768857,137
137,16.63073794047038,5.393222821860613,0.04108587900797526,0.0027793521644151466,adam,199,0.6493264529058116,"(710, 710, 710)","{'model__solver': 'adam', 'model__max_iter': 199, 'model__learning_rate_init': 0.6493264529058116, 'model__hidden_layer_sizes': (710, 710, 710)}",0.4861788617886179,0.4820846905537459,0.4788273615635179,0.4823636379686273,0.0030077120468459174,138
138,3.872053623199463,0.4152839656254949,0.0166321595509847,0.004675036029703918,adam,4206,0.4924300601202405,"(280, 280)","{'model__solver': 'adam', 'model__max_iter': 4206, 'model__learning_rate_init': 0.4924300601202405, 'model__hidden_layer_sizes': (280, 280)}",0.4813008130081301,0.4837133550488599,0.4804560260586319,0.4818233980385407,0.0013801858264141723,139
139,29.040358622868855,1.634782886127568,0.05965606371561686,0.0029365375464195332,adam,377,0.4689857715430862,"(624, 624, 624, 624)","{'model__solver': 'adam', 'model__max_iter': 377, 'model__learning_rate_init': 0.4689857715430862, 'model__hidden_layer_sizes': (624, 624, 624, 624)}",0.48292682926829267,0.4820846905537459,0.4804560260586319,0.48182251529355685,0.0010255954450980767,140
140,0.9354557991027832,0.1303991656587939,0.013619025548299154,1.0501850525541938e-05,adam,6865,0.44193466933867737,"(81, 81, 81)","{'model__solver': 'adam', 'model__max_iter': 6865, 'model__learning_rate_init': 0.44193466933867737, 'model__hidden_layer_sizes': (81, 81, 81)}",0.48292682926829267,0.4820846905537459,0.4804560260586319,0.48182251529355685,0.0010255954450980767,140
141,0.7107183933258057,0.1018306822193338,0.01569024721781413,0.0007057904445001968,adam,9047,0.37160180360721445,"(116, 116)","{'model__solver': 'adam', 'model__max_iter': 9047, 'model__learning_rate_init': 0.37160180360721445, 'model__hidden_layer_sizes': (116, 116)}",0.4813008130081301,0.4820846905537459,0.4804560260586319,0.4812805098735026,0.0006650544701340969,142
142,0.742533286412557,0.07148757674050192,0.013787110646565756,0.00041902928767766274,adam,8769,0.5086607214428858,"(30, 30, 30, 30)","{'model__solver': 'adam', 'model__max_iter': 8769, 'model__learning_rate_init': 0.5086607214428858, 'model__hidden_layer_sizes': (30, 30, 30, 30)}",0.4813008130081301,0.4820846905537459,0.4804560260586319,0.4812805098735026,0.0006650544701340969,142
143,0.8199158509572347,0.1660834703965539,0.014425039291381836,0.0008649523092556074,adam,8115,0.4004563126252505,"(116, 116)","{'model__solver': 'adam', 'model__max_iter': 8115, 'model__learning_rate_init': 0.4004563126252505, 'model__hidden_layer_sizes': (116, 116)}",0.4813008130081301,0.4820846905537459,0.4804560260586319,0.4812805098735026,0.0006650544701340969,142
144,1.1802120208740234,0.41904173726370514,0.014766534169514975,0.00022813857890080613,adam,2381,0.10469759519038077,"(81, 81, 81)","{'model__solver': 'adam', 'model__max_iter': 2381, 'model__learning_rate_init': 0.10469759519038077, 'model__hidden_layer_sizes': (81, 81, 81)}",0.4813008130081301,0.4820846905537459,0.4804560260586319,0.4812805098735026,0.0006650544701340969,142
145,2.4325958887736,1.8913017525758815,0.01878499984741211,0.0009482101424525881,adam,1012,0.43472104208416834,"(280, 280)","{'model__solver': 'adam', 'model__max_iter': 1012, 'model__learning_rate_init': 0.43472104208416834, 'model__hidden_layer_sizes': (280, 280)}",0.4813008130081301,0.4820846905537459,0.4804560260586319,0.4812805098735026,0.0006650544701340969,142
146,1.388342062632243,0.2965073965943555,0.021035273869832356,0.0038402256525083144,adam,7321,0.11010781563126253,"(280, 280)","{'model__solver': 'adam', 'model__max_iter': 7321, 'model__learning_rate_init': 0.11010781563126253, 'model__hidden_layer_sizes': (280, 280)}",0.4813008130081301,0.4820846905537459,0.4804560260586319,0.4812805098735026,0.0006650544701340969,142
147,0.7170607248942057,0.27326587455171186,0.016787052154541016,5.700381646321414e-05,adam,4186,0.8729488977955911,"(116, 116)","{'model__solver': 'adam', 'model__max_iter': 4186, 'model__learning_rate_init': 0.8729488977955911, 'model__hidden_layer_sizes': (116, 116)}",0.4813008130081301,0.4820846905537459,0.4804560260586319,0.4812805098735026,0.0006650544701340969,142
148,2.9317942460378013,0.6069189548356999,0.03863175710042318,0.015571547982473975,adam,7460,0.34635410821643287,"(280, 280)","{'model__solver': 'adam', 'model__max_iter': 7460, 'model__learning_rate_init': 0.34635410821643287, 'model__hidden_layer_sizes': (280, 280)}",0.4813008130081301,0.4820846905537459,0.4804560260586319,0.4812805098735026,0.0006650544701340969,142
149,1.2540849844614665,0.10090121048077201,0.013810873031616211,0.0005055086005829661,adam,972,0.80802625250501,"(81, 81, 81)","{'model__solver': 'adam', 'model__max_iter': 972, 'model__learning_rate_init': 0.80802625250501, 'model__hidden_layer_sizes': (81, 81, 81)}",0.4813008130081301,0.4820846905537459,0.4804560260586319,0.4812805098735026,0.0006650544701340969,142
150,1.0295125643412273,0.2091159622115804,0.014590183893839518,6.614825501931563e-05,adam,992,0.2219190380761523,"(116, 116)","{'model__solver': 'adam', 'model__max_iter': 992, 'model__learning_rate_init': 0.2219190380761523, 'model__hidden_layer_sizes': (116, 116)}",0.4813008130081301,0.4820846905537459,0.4804560260586319,0.4812805098735026,0.0006650544701340969,142
151,1.0988681316375732,0.35551057502184774,0.015295982360839844,0.001696574960421679,adam,5178,0.5321050100200401,"(81, 81, 81)","{'model__solver': 'adam', 'model__max_iter': 5178, 'model__learning_rate_init': 0.5321050100200401, 'model__hidden_layer_sizes': (81, 81, 81)}",0.4813008130081301,0.4820846905537459,0.4804560260586319,0.4812805098735026,0.0006650544701340969,142
152,0.6849134763081869,0.07596889589120935,0.013030052185058594,0.00012812641947311786,adam,2044,0.7394967935871744,"(30, 30, 30, 30)","{'model__solver': 'adam', 'model__max_iter': 2044, 'model__learning_rate_init': 0.7394967935871744, 'model__hidden_layer_sizes': (30, 30, 30, 30)}",0.4813008130081301,0.4820846905537459,0.4804560260586319,0.4812805098735026,0.0006650544701340969,142
153,0.708521842956543,0.15661806417038368,0.015024820963541666,6.517637009646682e-05,adam,5099,0.17142364729458917,"(116, 116)","{'model__solver': 'adam', 'model__max_iter': 5099, 'model__learning_rate_init': 0.17142364729458917, 'model__hidden_layer_sizes': (116, 116)}",0.4813008130081301,0.4820846905537459,0.4804560260586319,0.4812805098735026,0.0006650544701340969,142
154,1.273093303044637,0.3327236263542956,0.01499191919962565,0.00018679608364574789,adam,4405,0.5393186372745491,"(116, 116)","{'model__solver': 'adam', 'model__max_iter': 4405, 'model__learning_rate_init': 0.5393186372745491, 'model__hidden_layer_sizes': (116, 116)}",0.4813008130081301,0.4820846905537459,0.4804560260586319,0.4812805098735026,0.0006650544701340969,142
155,0.9315927028656006,0.2620969803093774,0.015702486038208008,0.00016794283236872947,adam,9920,0.27421783567134267,"(81, 81, 81)","{'model__solver': 'adam', 'model__max_iter': 9920, 'model__learning_rate_init': 0.27421783567134267, 'model__hidden_layer_sizes': (81, 81, 81)}",0.4813008130081301,0.4820846905537459,0.4804560260586319,0.4812805098735026,0.0006650544701340969,142
156,1.152260700861613,0.41482059424453427,0.014832655588785807,7.994345570466713e-05,adam,5099,0.2850382765531062,"(81, 81, 81)","{'model__solver': 'adam', 'model__max_iter': 5099, 'model__learning_rate_init': 0.2850382765531062, 'model__hidden_layer_sizes': (81, 81, 81)}",0.4813008130081301,0.4820846905537459,0.4804560260586319,0.4812805098735026,0.0006650544701340969,142
157,0.6435354550679525,0.23582644906668632,0.013008991877237955,6.794729657422497e-05,adam,3214,0.48521643286573146,"(30, 30, 30, 30)","{'model__solver': 'adam', 'model__max_iter': 3214, 'model__learning_rate_init': 0.48521643286573146, 'model__hidden_layer_sizes': (30, 30, 30, 30)}",0.4813008130081301,0.4820846905537459,0.4804560260586319,0.4812805098735026,0.0006650544701340969,142
158,1.8363293011983235,0.2689531576139406,0.018796602884928387,0.001645952038623918,adam,397,0.15338957915831664,"(81, 81, 81)","{'model__solver': 'adam', 'model__max_iter': 397, 'model__learning_rate_init': 0.15338957915831664, 'model__hidden_layer_sizes': (81, 81, 81)}",0.4813008130081301,0.4820846905537459,0.4804560260586319,0.4812805098735026,0.0006650544701340969,142
159,2.7602994441986084,0.50157487155882,0.016886790593465168,0.0003285576035267125,adam,8928,0.4798062124248497,"(280, 280)","{'model__solver': 'adam', 'model__max_iter': 8928, 'model__learning_rate_init': 0.4798062124248497, 'model__hidden_layer_sizes': (280, 280)}",0.4813008130081301,0.4820846905537459,0.4804560260586319,0.4812805098735026,0.0006650544701340969,142
160,5.440780878067017,0.20513539679000295,0.019352038701375324,0.0009136080768757304,adam,5099,0.8675386773547095,"(131, 131, 131, 131, 131)","{'model__solver': 'adam', 'model__max_iter': 5099, 'model__learning_rate_init': 0.8675386773547095, 'model__hidden_layer_sizes': (131, 131, 131, 131, 131)}",0.4813008130081301,0.4820846905537459,0.4804560260586319,0.4812805098735026,0.0006650544701340969,142
161,1.8331362406412761,0.8489048352077766,0.017493168512980144,0.0008311320074503041,adam,6686,0.5862072144288577,"(280, 280)","{'model__solver': 'adam', 'model__max_iter': 6686, 'model__learning_rate_init': 0.5862072144288577, 'model__hidden_layer_sizes': (280, 280)}",0.4813008130081301,0.4820846905537459,0.4804560260586319,0.4812805098735026,0.0006650544701340969,142
162,3.4555866718292236,0.0729180576201314,0.017458597819010418,0.004787875161592167,adam,8968,0.8963931863727455,"(131, 131, 131, 131, 131)","{'model__solver': 'adam', 'model__max_iter': 8968, 'model__learning_rate_init': 0.8963931863727455, 'model__hidden_layer_sizes': (131, 131, 131, 131, 131)}",0.4813008130081301,0.4820846905537459,0.4804560260586319,0.4812805098735026,0.0006650544701340969,142
163,0.9586476484934489,0.28845584485744086,0.014249960581461588,2.992720400307635e-05,adam,9206,0.41488356713426855,"(116, 116)","{'model__solver': 'adam', 'model__max_iter': 9206, 'model__learning_rate_init': 0.41488356713426855, 'model__hidden_layer_sizes': (116, 116)}",0.4813008130081301,0.4820846905537459,0.4804560260586319,0.4812805098735026,0.0006650544701340969,142
164,3.0024048487345376,1.3188963363613937,0.018996795018513996,0.0010280232832023243,adam,6349,0.7485138276553106,"(280, 280)","{'model__solver': 'adam', 'model__max_iter': 6349, 'model__learning_rate_init': 0.7485138276553106, 'model__hidden_layer_sizes': (280, 280)}",0.4813008130081301,0.4820846905537459,0.4804560260586319,0.4812805098735026,0.0006650544701340969,142
165,0.7170914014180502,0.13616466466532157,0.013573487599690756,0.0002038262109716438,adam,3452,0.6367026052104209,"(30, 30, 30, 30)","{'model__solver': 'adam', 'model__max_iter': 3452, 'model__learning_rate_init': 0.6367026052104209, 'model__hidden_layer_sizes': (30, 30, 30, 30)}",0.4813008130081301,0.4820846905537459,0.4804560260586319,0.4812805098735026,0.0006650544701340969,142
166,1.396718978881836,0.3957936337620289,0.0320893128712972,0.001258739829251186,adam,3948,0.4455414829659319,"(30, 30, 30, 30)","{'model__solver': 'adam', 'model__max_iter': 3948, 'model__learning_rate_init': 0.4455414829659319, 'model__hidden_layer_sizes': (30, 30, 30, 30)}",0.4813008130081301,0.4820846905537459,0.4804560260586319,0.4812805098735026,0.0006650544701340969,142
167,0.6753100554148356,0.21077677226502844,0.012830813725789389,0.00010457136604342208,adam,2857,0.18404749498997997,"(30, 30, 30, 30)","{'model__solver': 'adam', 'model__max_iter': 2857, 'model__learning_rate_init': 0.18404749498997997, 'model__hidden_layer_sizes': (30, 30, 30, 30)}",0.4813008130081301,0.4820846905537459,0.4804560260586319,0.4812805098735026,0.0006650544701340969,142
168,15.171997547149658,1.4526878268506187,0.04169138272603353,0.002303843235481814,adam,7321,0.24536332665330662,"(710, 710, 710)","{'model__solver': 'adam', 'model__max_iter': 7321, 'model__learning_rate_init': 0.24536332665330662, 'model__hidden_layer_sizes': (710, 710, 710)}",0.4813008130081301,0.4820846905537459,0.4804560260586319,0.4812805098735026,0.0006650544701340969,142
169,27.452813148498535,12.777091200192192,0.04415686925252279,0.0021957002068624843,adam,4762,0.8513080160320642,"(624, 624, 624, 624)","{'model__solver': 'adam', 'model__max_iter': 4762, 'model__learning_rate_init': 0.8513080160320642, 'model__hidden_layer_sizes': (624, 624, 624, 624)}",0.4813008130081301,0.4820846905537459,0.4804560260586319,0.4812805098735026,0.0006650544701340969,142
170,0.9725794792175293,0.2649606797282439,0.014547189076741537,0.000369854786709633,adam,4940,0.4220971943887776,"(116, 116)","{'model__solver': 'adam', 'model__max_iter': 4940, 'model__learning_rate_init': 0.4220971943887776, 'model__hidden_layer_sizes': (116, 116)}",0.4813008130081301,0.4820846905537459,0.4804560260586319,0.4812805098735026,0.0006650544701340969,142
171,3.0184547106424966,0.29920111747686784,0.01749134063720703,0.000788507037985972,adam,1171,0.8188466933867735,"(280, 280)","{'model__solver': 'adam', 'model__max_iter': 1171, 'model__learning_rate_init': 0.8188466933867735, 'model__hidden_layer_sizes': (280, 280)}",0.4796747967479675,0.4820846905537459,0.4804560260586319,0.48073850445344846,0.001003906559873615,172
172,2.41261092821757,1.4956616596091963,0.020430723826090496,0.0007890534185296168,adam,1032,0.4275074148296593,"(280, 280)","{'model__solver': 'adam', 'model__max_iter': 1032, 'model__learning_rate_init': 0.4275074148296593, 'model__hidden_layer_sizes': (280, 280)}",0.4813008130081301,0.4820846905537459,0.4788273615635179,0.4807376217084647,0.0013881489755928253,173
173,5.2063454786936445,1.4470523429102895,0.01853521664937337,0.002485330476063916,adam,5873,0.08125330661322645,"(131, 131, 131, 131, 131)","{'model__solver': 'adam', 'model__max_iter': 5873, 'model__learning_rate_init': 0.08125330661322645, 'model__hidden_layer_sizes': (131, 131, 131, 131, 131)}",0.4813008130081301,0.4820846905537459,0.4788273615635179,0.4807376217084647,0.0013881489755928253,173
174,2.621511697769165,1.531870407867049,0.02511898676554362,0.003914246926341055,adam,9107,0.29044849699398795,"(280, 280)","{'model__solver': 'adam', 'model__max_iter': 9107, 'model__learning_rate_init': 0.29044849699398795, 'model__hidden_layer_sizes': (280, 280)}",0.47804878048780486,0.4820846905537459,0.4804560260586319,0.48019649903339423,0.0016578416134063465,175
175,34.135010401407875,5.299050628862177,0.05064702033996582,0.006748880395035993,adam,3056,0.27962805611222447,"(624, 624, 624, 624)","{'model__solver': 'adam', 'model__max_iter': 3056, 'model__learning_rate_init': 0.27962805611222447, 'model__hidden_layer_sizes': (624, 624, 624, 624)}",0.46991869918699186,0.4820846905537459,0.4804560260586319,0.47748647193312327,0.005392372715989861,176
176,14.682833989461264,6.941773243787658,0.04606779416402181,0.0038608254841080076,adam,5436,0.7106422845691382,"(624, 624, 624, 624)","{'model__solver': 'adam', 'model__max_iter': 5436, 'model__learning_rate_init': 0.7106422845691382, 'model__hidden_layer_sizes': (624, 624, 624, 624)}",0.43577235772357725,0.4820846905537459,0.4804560260586319,0.46610435811198503,0.021458266824717978,177
177,29.062272707621258,7.731642474270253,0.039406379063924156,0.0017041709778384507,adam,3948,0.14437254509018035,"(710, 710, 710)","{'model__solver': 'adam', 'model__max_iter': 3948, 'model__learning_rate_init': 0.14437254509018035, 'model__hidden_layer_sizes': (710, 710, 710)}",0.4796747967479675,0.4820846905537459,0.34201954397394135,0.43459301042521825,0.06546671884829751,178
178,4.05774203936259,1.0966316687650592,0.021927038828531902,0.0016290607514510842,adam,6210,0.8278637274549099,"(131, 131, 131, 131, 131)","{'model__solver': 'adam', 'model__max_iter': 6210, 'model__learning_rate_init': 0.8278637274549099, 'model__hidden_layer_sizes': (131, 131, 131, 131, 131)}",0.4813008130081301,0.4820846905537459,0.3338762214983713,0.43242057502008246,0.06968211546856011,179
179,19.07681369781494,0.9475109151900601,0.05446147918701172,0.013416234555201918,adam,1012,0.6709673346693387,"(624, 624, 624, 624)","{'model__solver': 'adam', 'model__max_iter': 1012, 'model__learning_rate_init': 0.6709673346693387, 'model__hidden_layer_sizes': (624, 624, 624, 624)}",0.3333333333333333,0.4820846905537459,0.4804560260586319,0.43195801664857036,0.0697413519431263,180
180,0.96982741355896,0.5657746150987737,0.015027284622192383,0.0005641722167250204,adam,4186,0.5501390781563126,"(116, 116)","{'model__solver': 'adam', 'model__max_iter': 4186, 'model__learning_rate_init': 0.5501390781563126, 'model__hidden_layer_sizes': (116, 116)}",0.4813008130081301,0.3322475570032573,0.4804560260586319,0.43133479869000646,0.07006610933046821,181
181,2.448126475016276,1.7803191302721324,0.019749164581298828,0.0011605550491684898,adam,219,0.6962150300601202,"(280, 280)","{'model__solver': 'adam', 'model__max_iter': 219, 'model__learning_rate_init': 0.6962150300601202, 'model__hidden_layer_sizes': (280, 280)}",0.4813008130081301,0.3322475570032573,0.4804560260586319,0.43133479869000646,0.07006610933046821,181
182,3.2763938109079995,0.508385336112833,0.018339872360229492,0.0004044625327626867,adam,3452,0.39865290581162327,"(131, 131, 131, 131, 131)","{'model__solver': 'adam', 'model__max_iter': 3452, 'model__learning_rate_init': 0.39865290581162327, 'model__hidden_layer_sizes': (131, 131, 131, 131, 131)}",0.4813008130081301,0.3322475570032573,0.4804560260586319,0.43133479869000646,0.07006610933046821,181
183,25.049495697021484,4.4716064099446315,0.06930216153462727,0.010872771837004885,adam,9781,0.7809751503006012,"(710, 710, 710)","{'model__solver': 'adam', 'model__max_iter': 9781, 'model__learning_rate_init': 0.7809751503006012, 'model__hidden_layer_sizes': (710, 710, 710)}",0.3300813008130081,0.4820846905537459,0.4804560260586319,0.43087400580846197,0.0712743066012564,184
184,25.532395044962566,4.956708878691569,0.05822070439656576,0.0066790562234021736,adam,8809,0.47800280561122244,"(710, 710, 710)","{'model__solver': 'adam', 'model__max_iter': 8809, 'model__learning_rate_init': 0.47800280561122244, 'model__hidden_layer_sizes': (710, 710, 710)}",0.4813008130081301,0.3322475570032573,0.4788273615635179,0.43079191052496846,0.06968869682988386,185
185,29.15594458580017,1.2856513738618358,0.05467367172241211,0.006914534510875048,adam,2698,0.38963587174348696,"(624, 624, 624, 624)","{'model__solver': 'adam', 'model__max_iter': 2698, 'model__learning_rate_init': 0.38963587174348696, 'model__hidden_layer_sizes': (624, 624, 624, 624)}",0.4845528455284553,0.4804560260586319,0.31433224755700323,0.42644703971469683,0.07929477052056755,186
186,4.176906267801921,1.4440526397324578,0.026124954223632812,0.008818339978437888,adam,1230,0.6294889779559119,"(131, 131, 131, 131, 131)","{'model__solver': 'adam', 'model__max_iter': 1230, 'model__learning_rate_init': 0.6294889779559119, 'model__hidden_layer_sizes': (131, 131, 131, 131, 131)}",0.3333333333333333,0.4820846905537459,0.34039087947882735,0.38526963445530216,0.06851918736095046,187
187,15.47481902440389,3.1981968486973855,0.06491406758626302,0.02721717838043437,adam,5000,0.8477012024048096,"(710, 710, 710)","{'model__solver': 'adam', 'model__max_iter': 5000, 'model__learning_rate_init': 0.8477012024048096, 'model__hidden_layer_sizes': (710, 710, 710)}",0.19349593495934958,0.4820846905537459,0.4788273615635179,0.3848026623588711,0.13528082029436345,188
188,2.394319772720337,0.8666267746963182,0.01907960573832194,0.0005442644937316588,adam,4524,0.616865130260521,"(131, 131, 131, 131, 131)","{'model__solver': 'adam', 'model__max_iter': 4524, 'model__learning_rate_init': 0.616865130260521, 'model__hidden_layer_sizes': (131, 131, 131, 131, 131)}",0.3333333333333333,0.4820846905537459,0.3355048859934853,0.38364096996018815,0.06961586746073437,189
189,13.537101030349731,1.802379211526209,0.04155818621317545,0.0033012173459815684,adam,6627,0.694411623246493,"(710, 710, 710)","{'model__solver': 'adam', 'model__max_iter': 6627, 'model__learning_rate_init': 0.694411623246493, 'model__hidden_layer_sizes': (710, 710, 710)}",0.3333333333333333,0.3322475570032573,0.4804560260586319,0.38201230546507414,0.06961163370580421,190
190,1.4307623704274495,0.5139133560712984,0.014626423517862955,0.0006176770437409208,adam,7678,0.892786372745491,"(81, 81, 81)","{'model__solver': 'adam', 'model__max_iter': 7678, 'model__learning_rate_init': 0.892786372745491, 'model__hidden_layer_sizes': (81, 81, 81)}",0.3333333333333333,0.3322475570032573,0.4804560260586319,0.38201230546507414,0.06961163370580421,190
191,19.33321515719096,6.497614846725484,0.04082862536112467,0.0024279990697174455,adam,7718,0.6204719438877756,"(710, 710, 710)","{'model__solver': 'adam', 'model__max_iter': 7718, 'model__learning_rate_init': 0.6204719438877756, 'model__hidden_layer_sizes': (710, 710, 710)}",0.33170731707317075,0.3289902280130293,0.4788273615635179,0.37984163554990596,0.07000226714934106,192
192,23.125228881835938,16.439147956312222,0.04598609606424967,0.004994439249693211,adam,6785,0.8549148296593186,"(710, 710, 710)","{'model__solver': 'adam', 'model__max_iter': 6785, 'model__learning_rate_init': 0.8549148296593186, 'model__hidden_layer_sizes': (710, 710, 710)}",0.3089430894308943,0.34039087947882735,0.4804560260586319,0.3765966649894512,0.07455340831018864,193
193,6.278525193532308,0.7600110174711285,0.035100301106770836,0.008740475954858393,adam,1905,0.4942334669338677,"(131, 131, 131, 131, 131)","{'model__solver': 'adam', 'model__max_iter': 1905, 'model__learning_rate_init': 0.4942334669338677, 'model__hidden_layer_sizes': (131, 131, 131, 131, 131)}",0.191869918699187,0.4820846905537459,0.3338762214983713,0.33594361025043473,0.11848870276060793,194
194,13.143946170806885,3.4377755610551373,0.041147311528523765,0.002040125424767306,adam,7262,0.71605250501002,"(710, 710, 710)","{'model__solver': 'adam', 'model__max_iter': 7262, 'model__learning_rate_init': 0.71605250501002, 'model__hidden_layer_sizes': (710, 710, 710)}",0.3333333333333333,0.3355048859934853,0.3289902280130293,0.332609482446616,0.00270840201720879,195
195,12.343258937199911,4.128363746919457,0.045669158299764,0.006774483054759388,adam,3909,0.5411220440881763,"(624, 624, 624, 624)","{'model__solver': 'adam', 'model__max_iter': 3909, 'model__learning_rate_init': 0.5411220440881763, 'model__hidden_layer_sizes': (624, 624, 624, 624)}",0.18536585365853658,0.28827361563517917,0.4837133550488599,0.31911760811419193,0.12373714559634412,196
196,3.1958314577738443,1.2110086307584047,0.01892987887064616,0.00047808806268201674,adam,6726,0.5375152304609219,"(131, 131, 131, 131, 131)","{'model__solver': 'adam', 'model__max_iter': 6726, 'model__learning_rate_init': 0.5375152304609219, 'model__hidden_layer_sizes': (131, 131, 131, 131, 131)}",0.3333333333333333,0.3469055374592834,0.18566775244299674,0.2886355410785378,0.07301974757364937,197
197,13.305688063303629,2.3591685413791077,0.04587777455647787,0.007179354021168856,adam,4206,0.46177214428857716,"(710, 710, 710)","{'model__solver': 'adam', 'model__max_iter': 4206, 'model__learning_rate_init': 0.46177214428857716, 'model__hidden_layer_sizes': (710, 710, 710)}",0.33495934959349594,0.33876221498371334,0.18566775244299674,0.286463105673402,0.07128998466790715,198
198,11.837422291437784,1.2085208722813496,0.04661122957865397,0.002795019012536272,adam,6825,0.8909829659318638,"(710, 710, 710)","{'model__solver': 'adam', 'model__max_iter': 6825, 'model__learning_rate_init': 0.8909829659318638, 'model__hidden_layer_sizes': (710, 710, 710)}",0.3333333333333333,0.18729641693811075,0.3338762214983713,0.28483532392327177,0.06897077866161803,199
199,18.53602401415507,3.9376830744984903,0.05123098691304525,0.008304363668278868,adam,7123,0.496036873747495,"(710, 710, 710)","{'model__solver': 'adam', 'model__max_iter': 7123, 'model__learning_rate_init': 0.496036873747495, 'model__hidden_layer_sizes': (710, 710, 710)}",0.18536585365853658,0.18566775244299674,0.4804560260586319,0.2838298773867218,0.13903573771247954,200
