   ,mean_fit_time       ,std_fit_time         ,mean_score_time     ,std_score_time       ,param_model__C    ,param_model__cache_size,param_model__gamma   ,param_model__kernel,param_model__max_iter,params                                                                                                                                              ,split0_test_score    ,split1_test_score   ,split2_test_score    ,mean_test_score      ,std_test_score      ,rank_test_score
0  ,0.09568047523498535 ,0.00400333234550316  ,0.04067532221476237 ,0.004092063438913589 ,51.13265640661033 ,200                    ,0.22709741251283577  ,rbf                ,3948                 ,"{'model__C': 51.13265640661033, 'model__cache_size': 200, 'model__gamma': 0.22709741251283577, 'model__kernel': 'rbf', 'model__max_iter': 3948}"   ,0.4104748967642471   ,0.5175712445923533  ,0.3485540307114635   ,0.42553339068935464  ,0.06981773092123034 ,1
1  ,0.09795331954956055 ,0.007259249881978043 ,0.04729644457499186 ,0.007307300943484235 ,31.602344511564933,200                    ,0.24183010919991277  ,rbf                ,5099                 ,"{'model__C': 31.602344511564933, 'model__cache_size': 200, 'model__gamma': 0.24183010919991277, 'model__kernel': 'rbf', 'model__max_iter': 5099}"  ,0.3724723255475261   ,0.5224191100950282  ,0.37793540179174556  ,0.4242756124781      ,0.06943376169115204 ,2
2  ,0.07606951395670573 ,0.0007510012249577311,0.045715649922688804,0.0031899206185348784,27.211868261923073,500                    ,0.2328445680867632   ,rbf                ,1310                 ,"{'model__C': 27.211868261923073, 'model__cache_size': 500, 'model__gamma': 0.2328445680867632, 'model__kernel': 'rbf', 'model__max_iter': 1310}"   ,0.3597801575677887   ,0.5279098794933959  ,0.3842519835528213   ,0.4239806735380019   ,0.07416502974065986 ,3
3  ,0.10094714164733887 ,0.007867020150404828 ,0.03997302055358887 ,0.006377940612964723 ,38.96208759273199 ,500                    ,0.25855228405556024  ,rbf                ,5079                 ,"{'model__C': 38.96208759273199, 'model__cache_size': 500, 'model__gamma': 0.25855228405556024, 'model__kernel': 'rbf', 'model__max_iter': 5079}"   ,0.38877444192214705  ,0.5157755248632432  ,0.36712288063038423  ,0.42389094913859154  ,0.06557071993233554 ,4
4  ,0.09229882558186848 ,0.0009195930456304004,0.04169456164042155 ,0.002574114683173215 ,60.97891815881622 ,500                    ,0.21479795930605772  ,rbf                ,2619                 ,"{'model__C': 60.97891815881622, 'model__cache_size': 500, 'model__gamma': 0.21479795930605772, 'model__kernel': 'rbf', 'model__max_iter': 2619}"   ,0.42039881998176165  ,0.5158757560639048  ,0.33313494748432715  ,0.4231365078433312   ,0.07462873432845198 ,5
5  ,0.07358280817667644 ,0.0009021654510945489,0.04465508460998535 ,0.005510673622832869 ,10.534372375643704,200                    ,0.23579072969624537  ,rbf                ,1587                 ,"{'model__C': 10.534372375643704, 'model__cache_size': 200, 'model__gamma': 0.23579072969624537, 'model__kernel': 'rbf', 'model__max_iter': 1587}"  ,0.3074695456889057   ,0.5468718425920334  ,0.41470791166021703  ,0.42301643331371874  ,0.09791199650595546 ,6
6  ,0.11745611826578777 ,0.005158542433226827 ,0.0485693613688151  ,0.011805827877686246 ,61.76293433653791 ,500                    ,0.22463679382387733  ,rbf                ,8670                 ,"{'model__C': 61.76293433653791, 'model__cache_size': 500, 'model__gamma': 0.22463679382387733, 'model__kernel': 'rbf', 'model__max_iter': 8670}"   ,0.42187333294493146  ,0.5158758971883437  ,0.3274545188509388   ,0.4217345829947379   ,0.0769227681609001  ,7
7  ,0.07529457410176595 ,0.0036864143122911377,0.03874699274698893 ,0.002882351327686586 ,50.23310023986688 ,1000                   ,0.16898967774861262  ,rbf                ,1687                 ,"{'model__C': 50.23310023986688, 'model__cache_size': 1000, 'model__gamma': 0.16898967774861262, 'model__kernel': 'rbf', 'model__max_iter': 1687}"  ,0.39304876517933585  ,0.5245251169445799  ,0.34100452224029243  ,0.41952613478806944  ,0.07722581820523476 ,8
8  ,0.06196324030558268 ,0.0029431136888641175,0.03664565086364746 ,0.003768939781238188 ,27.687704543790314,500                    ,0.2275123225194523   ,rbf                ,814                  ,"{'model__C': 27.687704543790314, 'model__cache_size': 500, 'model__gamma': 0.2275123225194523, 'model__kernel': 'rbf', 'model__max_iter': 814}"    ,0.3633584132145674   ,0.516492589505039   ,0.3727525661538401   ,0.4175345229578155   ,0.07007893991033798 ,9
9  ,0.05989384651184082 ,0.0032660634967908984,0.04497512181599935 ,0.010708679023698008 ,28.770400498043664,1000                   ,0.2670137924399327   ,rbf                ,814                  ,"{'model__C': 28.770400498043664, 'model__cache_size': 1000, 'model__gamma': 0.2670137924399327, 'model__kernel': 'rbf', 'model__max_iter': 814}"   ,0.3671509210928816   ,0.5102016663757377  ,0.3714815763226246   ,0.4162780545970813   ,0.06643755103273324 ,10
10 ,0.06895947456359863 ,0.004542934005325218 ,0.04398337999979655 ,0.0035635730445935454,2.333252359832339 ,1000                   ,0.09463708738997988  ,rbf                ,3452                 ,"{'model__C': 2.333252359832339, 'model__cache_size': 1000, 'model__gamma': 0.09463708738997988, 'model__kernel': 'rbf', 'model__max_iter': 3452}"  ,0.2694840609645124   ,0.5507016169326779  ,0.42657516063084433  ,0.41558694617601155  ,0.1150692084178217  ,11
11 ,0.10127512613932292 ,0.005434607309947578 ,0.04664452870686849 ,0.014418961329818767 ,32.81756586386034 ,200                    ,0.1680907167487997   ,rbf                ,4444                 ,"{'model__C': 32.81756586386034, 'model__cache_size': 200, 'model__gamma': 0.1680907167487997, 'model__kernel': 'rbf', 'model__max_iter': 4444}"    ,0.35190232079467176  ,0.5330424326028822  ,0.3600581095068235   ,0.41500095430145917  ,0.08353431299798629 ,12
12 ,0.08661572138468425 ,0.005433676586912231 ,0.04530636469523112 ,0.0074036112381121654,50.678715783717834,1000                   ,0.2760343817804307   ,rbf                ,2639                 ,"{'model__C': 50.678715783717834, 'model__cache_size': 1000, 'model__gamma': 0.2760343817804307, 'model__kernel': 'rbf', 'model__max_iter': 2639}"  ,0.4015435307245816   ,0.5092064422180846  ,0.3331118566153326   ,0.4146206098526663   ,0.07248256465542999 ,13
13 ,0.10103130340576172 ,0.009233404543969804 ,0.03865949312845866 ,0.0012447192984294422,35.17018213629157 ,500                    ,0.16613281990870288  ,rbf                ,8194                 ,"{'model__C': 35.17018213629157, 'model__cache_size': 500, 'model__gamma': 0.16613281990870288, 'model__kernel': 'rbf', 'model__max_iter': 8194}"   ,0.3559630448359731   ,0.5314194791309803  ,0.3558683755403689   ,0.4144169665024407   ,0.08273327912278328 ,14
14 ,0.08443546295166016 ,0.0026569753333330966,0.041975180308024086,0.005351288928627661 ,12.502623200745628,200                    ,0.13634049614125027  ,rbf                ,7758                 ,"{'model__C': 12.502623200745628, 'model__cache_size': 200, 'model__gamma': 0.13634049614125027, 'model__kernel': 'rbf', 'model__max_iter': 7758}"  ,0.30157530638859364  ,0.5611902942647014  ,0.37437652122276555  ,0.4123807072920202   ,0.1093411301129567  ,15
15 ,0.07032616933186848 ,0.0009334863764678131,0.04392162958780924 ,0.005930575773780448 ,4.69461950508178  ,500                    ,0.06784912926673597  ,rbf                ,4147                 ,"{'model__C': 4.69461950508178, 'model__cache_size': 500, 'model__gamma': 0.06784912926673597, 'model__kernel': 'rbf', 'model__max_iter': 4147}"    ,0.26378201334770957  ,0.569011182242007   ,0.4027349554031837   ,0.4118427169976335   ,0.12477559824720506 ,16
16 ,0.0719599723815918  ,0.002829065262046148 ,0.04064281781514486 ,0.005433116288188715 ,5.983876860868068 ,200                    ,0.09190821536272646  ,rbf                ,3095                 ,"{'model__C': 5.983876860868068, 'model__cache_size': 200, 'model__gamma': 0.09190821536272646, 'model__kernel': 'rbf', 'model__max_iter': 3095}"   ,0.2698663444753189   ,0.5784618706163351  ,0.38255490348382803  ,0.410294372858494    ,0.1275013942654581  ,17
17 ,0.08441329002380371 ,0.011319564094198549 ,0.03847257296244303 ,0.0018247228775927374,9.563694654031945 ,500                    ,0.3659251082813159   ,rbf                ,7976                 ,"{'model__C': 9.563694654031945, 'model__cache_size': 500, 'model__gamma': 0.3659251082813159, 'model__kernel': 'rbf', 'model__max_iter': 7976}"    ,0.29768645462965815  ,0.5066251042992667  ,0.42504629716044784  ,0.40978595202979085  ,0.08597867344704314 ,18
18 ,0.07862099011739095 ,0.004187778901205653 ,0.03598411877950033 ,0.0008221887275402765,4.778961126377175 ,1000                   ,0.060893468785977505 ,rbf                ,3552                 ,"{'model__C': 4.778961126377175, 'model__cache_size': 1000, 'model__gamma': 0.060893468785977505, 'model__kernel': 'rbf', 'model__max_iter': 3552}" ,0.2616386789296281   ,0.5647645982809752  ,0.4023401512756749   ,0.4095811428287594   ,0.12385651568018463 ,19
19 ,0.07198055585225423 ,0.0028907259818085965,0.03669301668802897 ,0.0012400555347841554,4.193460988043928 ,1000                   ,0.05683148056814483  ,rbf                ,1230                 ,"{'model__C': 4.193460988043928, 'model__cache_size': 1000, 'model__gamma': 0.05683148056814483, 'model__kernel': 'rbf', 'model__max_iter': 1230}"  ,0.2652419459032922   ,0.556435882621911   ,0.40409106365979874  ,0.40858963072833393  ,0.11892197729232482 ,20
20 ,0.06929628054300944 ,0.005731050083684657 ,0.045067787170410156,0.009145754049484896 ,3.4993721443479084,500                    ,0.04960365360493639  ,rbf                ,1072                 ,"{'model__C': 3.4993721443479084, 'model__cache_size': 500, 'model__gamma': 0.04960365360493639, 'model__kernel': 'rbf', 'model__max_iter': 1072}"  ,0.27168951958978893  ,0.5428207643468608  ,0.40847357829582387  ,0.4076612874108245   ,0.11069035740370882 ,21
21 ,0.0772848129272461  ,0.0017048806084856735,0.04397789637247721 ,0.0071107512611612855,7.666137595445494 ,1000                   ,0.1188792356281234   ,rbf                ,8829                 ,"{'model__C': 7.666137595445494, 'model__cache_size': 1000, 'model__gamma': 0.1188792356281234, 'model__kernel': 'rbf', 'model__max_iter': 8829}"   ,0.2885763598871137   ,0.561312932073448   ,0.37258196797098253  ,0.40749041997718144  ,0.11404753239502    ,22
22 ,0.12499515215555827 ,0.011039502280105123 ,0.04568258921305338 ,0.0023347850278449484,88.13473778072907 ,1000                   ,0.1614195686122846   ,rbf                ,7936                 ,"{'model__C': 88.13473778072907, 'model__cache_size': 1000, 'model__gamma': 0.1614195686122846, 'model__kernel': 'rbf', 'model__max_iter': 7936}"   ,0.4202506083948342   ,0.5020204379771018  ,0.29862667816924615  ,0.406965908180394    ,0.08356481646815475 ,23
23 ,0.12105925877888997 ,0.0026946850878008456,0.0403294563293457  ,0.0045088057601935455,68.94842705050947 ,500                    ,0.14798070809605152  ,rbf                ,7599                 ,"{'model__C': 68.94842705050947, 'model__cache_size': 500, 'model__gamma': 0.14798070809605152, 'model__kernel': 'rbf', 'model__max_iter': 7599}"   ,0.39721947623608167  ,0.5091834196696041  ,0.3132391979247323   ,0.40654736461013935  ,0.08026535838471469 ,24
24 ,0.09461482365926106 ,0.0033979173567011884,0.05363821983337402 ,0.0057854500539568764,28.829802024946293,500                    ,0.3612309406162926   ,rbf                ,7321                 ,"{'model__C': 28.829802024946293, 'model__cache_size': 500, 'model__gamma': 0.3612309406162926, 'model__kernel': 'rbf', 'model__max_iter': 7321}"   ,0.3475625330800566   ,0.4931104451035837  ,0.3751996107051824   ,0.40529086296294087  ,0.06311450583625575 ,25
25 ,0.09629678726196289 ,0.008652062809885525 ,0.05334782600402832 ,0.012677490887061455 ,27.25923107847457 ,1000                   ,0.1389784716495461   ,rbf                ,4385                 ,"{'model__C': 27.25923107847457, 'model__cache_size': 1000, 'model__gamma': 0.1389784716495461, 'model__kernel': 'rbf', 'model__max_iter': 4385}"   ,0.32251789288405797  ,0.5342450674782624  ,0.35426665836533733  ,0.4036765395758859   ,0.09323125865767544 ,26
26 ,0.07259599367777507 ,0.0009532665798327394,0.04068485895792643 ,0.00420719028789485  ,4.17272127175653  ,200                    ,0.04232462006515386  ,rbf                ,3452                 ,"{'model__C': 4.17272127175653, 'model__cache_size': 200, 'model__gamma': 0.04232462006515386, 'model__kernel': 'rbf', 'model__max_iter': 3452}"    ,0.27111943344320666  ,0.5392853903922594  ,0.4004302984002187   ,0.40361170741189495  ,0.10950140376291982 ,27
27 ,0.07730778058369954 ,0.006557601261029394 ,0.04833698272705078 ,0.006811027066652904 ,66.26625646686144 ,500                    ,0.1426930576804709   ,rbf                ,1627                 ,"{'model__C': 66.26625646686144, 'model__cache_size': 500, 'model__gamma': 0.1426930576804709, 'model__kernel': 'rbf', 'model__max_iter': 1627}"    ,0.3938600712013589   ,0.49481883937195337 ,0.31969666311645983  ,0.4027918578965907   ,0.07177175286648584 ,28
28 ,0.06700476010640462 ,0.002929161697508481 ,0.05101696650187174 ,0.010018388461089982 ,1.5577315371944382,200                    ,0.05589382770530613  ,rbf                ,3671                 ,"{'model__C': 1.5577315371944382, 'model__cache_size': 200, 'model__gamma': 0.05589382770530613, 'model__kernel': 'rbf', 'model__max_iter': 3671}"  ,0.28697382113568004  ,0.5113772830791368  ,0.40516897849791866  ,0.40117336090424516  ,0.09165588598309173 ,29
29 ,0.11020668347676595 ,0.00331642809581481  ,0.05067292849222819 ,0.012290782327040568 ,65.40148694264596 ,1000                   ,0.14070574526625856  ,rbf                ,6845                 ,"{'model__C': 65.40148694264596, 'model__cache_size': 1000, 'model__gamma': 0.14070574526625856, 'model__kernel': 'rbf', 'model__max_iter': 6845}"  ,0.38222011075873874  ,0.50825955021277    ,0.3128559584553896   ,0.4011118731422994   ,0.0808839289038679  ,30
30 ,0.12400627136230469 ,0.008202540025781323 ,0.04296461741129557 ,0.0059232409636116945,93.18477025886182 ,500                    ,0.21055446218414653  ,rbf                ,9761                 ,"{'model__C': 93.18477025886182, 'model__cache_size': 500, 'model__gamma': 0.21055446218414653, 'model__kernel': 'rbf', 'model__max_iter': 9761}"   ,0.42804702410944506  ,0.508300714891192   ,0.2655278779035519   ,0.40062520563472964  ,0.10099052658905519 ,31
31 ,0.07400099436442058 ,0.0050625438877422956,0.04430945714314779 ,0.0036688875663273657,7.83497901825037  ,200                    ,0.07643130005392462  ,rbf                ,2718                 ,"{'model__C': 7.83497901825037, 'model__cache_size': 200, 'model__gamma': 0.07643130005392462, 'model__kernel': 'rbf', 'model__max_iter': 2718}"    ,0.262642225236169    ,0.571349869007566   ,0.3645564445127667   ,0.3995161795855006   ,0.12843088838746114 ,32
32 ,0.10453597704569499 ,0.007546379565989709 ,0.03831688563028971 ,0.0028721692288282163,34.99697432948054 ,500                    ,0.135003424835367    ,rbf                ,8353                 ,"{'model__C': 34.99697432948054, 'model__cache_size': 500, 'model__gamma': 0.135003424835367, 'model__kernel': 'rbf', 'model__max_iter': 8353}"     ,0.3321345488004215   ,0.522375494898414   ,0.34296012177444246  ,0.3991567218244259   ,0.08724084588443716 ,33
33 ,0.09594440460205078 ,0.005711933269751762 ,0.04830582936604818 ,0.004640759252190744 ,15.653086098546975,500                    ,0.424403698261526    ,rbf                ,8333                 ,"{'model__C': 15.653086098546975, 'model__cache_size': 500, 'model__gamma': 0.424403698261526, 'model__kernel': 'rbf', 'model__max_iter': 8333}"    ,0.3093924503940786   ,0.4840840927840857  ,0.4038010366100322   ,0.3990925265960655   ,0.07139523807716802 ,34
34 ,0.07872740427652995 ,0.003696235418786169 ,0.04397447903951009 ,0.006528579292378947 ,9.256300245608557 ,1000                   ,0.051664731398811704 ,rbf                ,2302                 ,"{'model__C': 9.256300245608557, 'model__cache_size': 1000, 'model__gamma': 0.051664731398811704, 'model__kernel': 'rbf', 'model__max_iter': 2302}" ,0.2539043482751019   ,0.5733130553544727  ,0.3698823964993362   ,0.39903326670963696  ,0.13201719702382764 ,35
35 ,0.09598167737325032 ,0.006168969436947917 ,0.051350673039754234,0.005788553634006386 ,83.47964870230982 ,1000                   ,0.14181818477567132  ,rbf                ,3750                 ,"{'model__C': 83.47964870230982, 'model__cache_size': 1000, 'model__gamma': 0.14181818477567132, 'model__kernel': 'rbf', 'model__max_iter': 3750}"  ,0.402501252221509    ,0.49751099123110964 ,0.29544790766511253  ,0.3984867170392437   ,0.08254073662782928 ,36
36 ,0.1039578119913737  ,0.0024557387197178706,0.04630462328592936 ,0.007411377637035162 ,79.40108958812226 ,200                    ,0.13887563960054247  ,rbf                ,3889                 ,"{'model__C': 79.40108958812226, 'model__cache_size': 200, 'model__gamma': 0.13887563960054247, 'model__kernel': 'rbf', 'model__max_iter': 3889}"   ,0.39449657812547334  ,0.49911164941474007 ,0.29842613520300076  ,0.3973447875810714   ,0.08195426824937094 ,37
37 ,0.06836851437886556 ,0.0054265636051511286,0.046312411626180015,0.006927011335674352 ,3.751690779575614 ,1000                   ,0.03193888921500612  ,rbf                ,9920                 ,"{'model__C': 3.751690779575614, 'model__cache_size': 1000, 'model__gamma': 0.03193888921500612, 'model__kernel': 'rbf', 'model__max_iter': 9920}"  ,0.27555839496850354  ,0.5187922607108175  ,0.3956309563578133   ,0.39666053734571144  ,0.09930247861540847 ,38
38 ,0.1032877763112386  ,0.007840685683719217 ,0.052439212799072266,0.009450987449230569 ,18.06432927428257 ,200                    ,0.433414633958732    ,rbf                ,6905                 ,"{'model__C': 18.06432927428257, 'model__cache_size': 200, 'model__gamma': 0.433414633958732, 'model__kernel': 'rbf', 'model__max_iter': 6905}"     ,0.3129502977682109   ,0.4820326536681976  ,0.39478006939788535  ,0.3965876736114313   ,0.06903941552435613 ,39
39 ,0.11942553520202637 ,0.01165399139196103  ,0.04797220230102539 ,0.011510229054517493 ,63.235436958292624,500                    ,0.13508262992501627  ,rbf                ,9127                 ,"{'model__C': 63.235436958292624, 'model__cache_size': 500, 'model__gamma': 0.13508262992501627, 'model__kernel': 'rbf', 'model__max_iter': 9127}"  ,0.3708275894565223   ,0.5052187155006287  ,0.3100936950302091   ,0.3953799999957867   ,0.08152937732646579 ,40
40 ,0.09328381220499675 ,0.01246003105245571  ,0.04098248481750488 ,0.0043121975094230075,89.81972208526147 ,1000                   ,0.1433887626239463   ,rbf                ,2520                 ,"{'model__C': 89.81972208526147, 'model__cache_size': 1000, 'model__gamma': 0.1433887626239463, 'model__kernel': 'rbf', 'model__max_iter': 2520}"   ,0.39563051952258865  ,0.49357379157862835 ,0.2930668825238143   ,0.3940903978750104   ,0.08186384682587657 ,41
41 ,0.09814143180847168 ,0.004921372714175549 ,0.042308410008748375,0.0036797429697029427,79.74613156953929 ,200                    ,0.13357364528682886  ,rbf                ,4464                 ,"{'model__C': 79.74613156953929, 'model__cache_size': 200, 'model__gamma': 0.13357364528682886, 'model__kernel': 'rbf', 'model__max_iter': 4464}"   ,0.38564365061129946  ,0.49650349650657644 ,0.2952728103224016   ,0.39247331914675915  ,0.0822939063955797  ,42
42 ,0.08694918950398763 ,0.006160731268657131 ,0.044642130533854164,0.004917822268499628 ,39.363490891808446,1000                   ,0.12763281950787428  ,rbf                ,2619                 ,"{'model__C': 39.363490891808446, 'model__cache_size': 1000, 'model__gamma': 0.12763281950787428, 'model__kernel': 'rbf', 'model__max_iter': 2619}" ,0.3328417047602138   ,0.512779464567253   ,0.33135486223667066  ,0.39232534385471246  ,0.08517608847810874 ,43
43 ,0.09860936800638835 ,0.005004462148720549 ,0.04898587862650553 ,0.010226226034395667 ,27.00847425957415 ,1000                   ,0.4268773939601984   ,rbf                ,2698                 ,"{'model__C': 27.00847425957415, 'model__cache_size': 1000, 'model__gamma': 0.4268773939601984, 'model__kernel': 'rbf', 'model__max_iter': 2698}"   ,0.32948147325663213  ,0.476768573682672   ,0.3696948664667129   ,0.3919816378020056   ,0.062160532067603316,44
44 ,0.09296862284342448 ,0.003766393843578836 ,0.047286669413248696,0.0023059945735802393,11.788020797188024,1000                   ,0.029260372912327966 ,rbf                ,4881                 ,"{'model__C': 11.788020797188024, 'model__cache_size': 1000, 'model__gamma': 0.029260372912327966, 'model__kernel': 'rbf', 'model__max_iter': 4881}",0.25707836610215584  ,0.5481482518283423  ,0.3698750457846365   ,0.39170055457171155  ,0.11982677558187853 ,45
45 ,0.07895382245381673 ,0.00919651557410853  ,0.04230936368306478 ,0.0030893538611663444,8.65292986917063  ,200                    ,0.02530820677318534  ,rbf                ,2738                 ,"{'model__C': 8.65292986917063, 'model__cache_size': 200, 'model__gamma': 0.02530820677318534, 'model__kernel': 'rbf', 'model__max_iter': 2738}"    ,0.2685618552773893   ,0.5237473053084826  ,0.3807732361400308   ,0.39102746557530094  ,0.10443104708491076 ,46
46 ,0.12326590220133464 ,0.006939751510852887 ,0.04011940956115723 ,0.001633069506501397 ,105.23638460775531,200                    ,0.3503557475158312   ,rbf                ,9841                 ,"{'model__C': 105.23638460775531, 'model__cache_size': 200, 'model__gamma': 0.3503557475158312, 'model__kernel': 'rbf', 'model__max_iter': 9841}"   ,0.43995323713375933  ,0.47326359005281393 ,0.25722580675934203  ,0.39014754464863843  ,0.09496854288142328 ,47
47 ,0.10265159606933594 ,0.0032864523511851934,0.047322988510131836,0.0025380454365221206,62.66069481821096 ,1000                   ,0.4008582822783548   ,rbf                ,3056                 ,"{'model__C': 62.66069481821096, 'model__cache_size': 1000, 'model__gamma': 0.4008582822783548, 'model__kernel': 'rbf', 'model__max_iter': 3056}"   ,0.39571934940303777  ,0.46646624462507147 ,0.30634357791777234  ,0.3895097239819605   ,0.06551710557438042 ,48
48 ,0.09061654408772786 ,0.0016969003763073703,0.04032675425211588 ,0.0026152218553651954,114.44897561243587,500                    ,0.16845305061859586  ,rbf                ,2163                 ,"{'model__C': 114.44897561243587, 'model__cache_size': 500, 'model__gamma': 0.16845305061859586, 'model__kernel': 'rbf', 'model__max_iter': 2163}"  ,0.41123392153907923  ,0.49469414410592627 ,0.2622816360324478   ,0.38940323389248443  ,0.09612952258834107 ,49
49 ,0.10531385739644368 ,0.0052828101061666265,0.04700136184692383 ,0.010702008343909965 ,29.093662188239723,1000                   ,0.11620809995474546  ,rbf                ,8154                 ,"{'model__C': 29.093662188239723, 'model__cache_size': 1000, 'model__gamma': 0.11620809995474546, 'model__kernel': 'rbf', 'model__max_iter': 8154}" ,0.30873965778112866  ,0.5271629888859501  ,0.32793736751711866  ,0.38794667139473243  ,0.09875230058632715 ,50
50 ,0.1346757411956787  ,0.0058133985424954175,0.04529309272766113 ,0.006961141263386127 ,115.1898418164119 ,1000                   ,0.28869065170373354  ,rbf                ,9523                 ,"{'model__C': 115.1898418164119, 'model__cache_size': 1000, 'model__gamma': 0.28869065170373354, 'model__kernel': 'rbf', 'model__max_iter': 9523}"  ,0.4303070779618422   ,0.4858407064532826  ,0.24697688599532974  ,0.3877082234701515   ,0.10206200071180739 ,51
51 ,0.08263611793518066 ,0.002074768622457269 ,0.04803093274434408 ,0.007107756327335616 ,8.17051685836699  ,200                    ,0.02037499222681897  ,rbf                ,6389                 ,"{'model__C': 8.17051685836699, 'model__cache_size': 200, 'model__gamma': 0.02037499222681897, 'model__kernel': 'rbf', 'model__max_iter': 6389}"    ,0.270764904284432    ,0.512884356461639   ,0.37817926843363703  ,0.38727617639323597  ,0.09905393339478168 ,52
52 ,0.08828123410542806 ,0.0023560650275569906,0.053969780604044594,0.007113874154993055 ,96.33456769068319 ,1000                   ,0.4088216525459696   ,rbf                ,2679                 ,"{'model__C': 96.33456769068319, 'model__cache_size': 1000, 'model__gamma': 0.4088216525459696, 'model__kernel': 'rbf', 'model__max_iter': 2679}"   ,0.4328531611217751   ,0.46130784698236027 ,0.26569657983132167  ,0.38661919597848565  ,0.08629069709905746 ,53
53 ,0.13431461652119955 ,0.006121488685730471 ,0.05334719022115072 ,0.01089296466094915  ,101.68588434762378,200                    ,0.13390174048752265  ,rbf                ,8948                 ,"{'model__C': 101.68588434762378, 'model__cache_size': 200, 'model__gamma': 0.13390174048752265, 'model__kernel': 'rbf', 'model__max_iter': 8948}"  ,0.3913920742698199   ,0.4841650244443487  ,0.2755080943490208   ,0.38368839768772983  ,0.08535782953294413 ,54
54 ,0.09125590324401855 ,0.003828757545660917 ,0.05104851722717285 ,0.005002807546985795 ,14.6901902492152  ,500                    ,0.044549234231494914 ,rbf                ,9543                 ,"{'model__C': 14.6901902492152, 'model__cache_size': 500, 'model__gamma': 0.044549234231494914, 'model__kernel': 'rbf', 'model__max_iter': 9543}"   ,0.24287775920817067  ,0.5662888961899966  ,0.33481851197012047  ,0.38132838912276257  ,0.13606632545817435 ,55
55 ,0.10301248232523601 ,0.002950280361259754 ,0.03998064994812012 ,0.003699146065056754 ,23.462267391081053,1000                   ,0.027462846771560297 ,rbf                ,7440                 ,"{'model__C': 23.462267391081053, 'model__cache_size': 1000, 'model__gamma': 0.027462846771560297, 'model__kernel': 'rbf', 'model__max_iter': 7440}",0.23721437026356684  ,0.5652688646922019  ,0.3314511976076242   ,0.3779781441877977   ,0.1379094035886424  ,56
56 ,0.11293649673461914 ,0.014134872975646725 ,0.040975729624430336,0.0037394321309598922,60.61277556769509 ,200                    ,0.11937751636729083  ,rbf                ,5218                 ,"{'model__C': 60.61277556769509, 'model__cache_size': 200, 'model__gamma': 0.11937751636729083, 'model__kernel': 'rbf', 'model__max_iter': 5218}"   ,0.34375781860713517  ,0.4906815438201121  ,0.2972999948631505   ,0.3772464524301326   ,0.08242257908990124 ,57
57 ,0.10868279139200847 ,0.00611866601840591  ,0.042642434438069664,0.00449364112976008  ,124.25125189400212,1000                   ,0.14752145260435134  ,rbf                ,5258                 ,"{'model__C': 124.25125189400212, 'model__cache_size': 1000, 'model__gamma': 0.14752145260435134, 'model__kernel': 'rbf', 'model__max_iter': 5258}" ,0.3924276997526429   ,0.48100329776050965 ,0.25657466324657197  ,0.3766685535865748   ,0.09229776455711258 ,58
58 ,0.13232342402140299 ,0.00663235075803329  ,0.04200474421183268 ,0.0051350187320652815,110.51574193724103,200                    ,0.1307875783957741   ,rbf                ,7222                 ,"{'model__C': 110.51574193724103, 'model__cache_size': 200, 'model__gamma': 0.1307875783957741, 'model__kernel': 'rbf', 'model__max_iter': 7222}"   ,0.38435319184546113  ,0.47712048804898133 ,0.26710268596636577  ,0.3761921219536027   ,0.0859333912370041  ,59
59 ,0.1272742748260498  ,0.007035123312780272 ,0.04431470235188802 ,0.0012518932754628424,68.52533277464147 ,500                    ,0.11931554084399135  ,rbf                ,9861                 ,"{'model__C': 68.52533277464147, 'model__cache_size': 500, 'model__gamma': 0.11931554084399135, 'model__kernel': 'rbf', 'model__max_iter': 9861}"   ,0.3496846955714359   ,0.4865890208054158  ,0.2879198664126177   ,0.37473119426315643  ,0.0830174822926799  ,60
60 ,0.08244188626607259 ,0.005313051700110449 ,0.04363377888997396 ,0.0036796407047716647,32.662592101036935,200                    ,0.10060823648361777  ,rbf                ,2579                 ,"{'model__C': 32.662592101036935, 'model__cache_size': 200, 'model__gamma': 0.10060823648361777, 'model__kernel': 'rbf', 'model__max_iter': 2579}"  ,0.29780814160374036  ,0.5153485182239173  ,0.3086722685544593   ,0.37394297612737226  ,0.10008713808581549 ,61
61 ,0.10193920135498047 ,0.004550122062309684 ,0.04297717412312826 ,0.010669136917742393 ,27.57870542258224 ,1000                   ,0.0941599970107014   ,rbf                ,5317                 ,"{'model__C': 27.57870542258224, 'model__cache_size': 1000, 'model__gamma': 0.0941599970107014, 'model__kernel': 'rbf', 'model__max_iter': 5317}"   ,0.29076451851416907  ,0.5106254719024282  ,0.30782210176278835  ,0.36973736405979524  ,0.09986602520436715 ,62
62 ,0.09769964218139648 ,0.0044968173690220605,0.040328661600748696,0.004777762612155375 ,31.390604650246413,1000                   ,0.01842727096628281  ,rbf                ,3254                 ,"{'model__C': 31.390604650246413, 'model__cache_size': 1000, 'model__gamma': 0.01842727096628281, 'model__kernel': 'rbf', 'model__max_iter': 3254}" ,0.2352003193494857   ,0.5393003836246772  ,0.3319015611277829   ,0.3688007547006486   ,0.12686048803781727 ,63
63 ,0.10889879862467448 ,0.002215353144156118 ,0.04664238293965658 ,0.013017845473112083 ,103.69687862952739,200                    ,0.5212233398982137   ,rbf                ,3214                 ,"{'model__C': 103.69687862952739, 'model__cache_size': 200, 'model__gamma': 0.5212233398982137, 'model__kernel': 'rbf', 'model__max_iter': 3214}"   ,0.3821707202197404   ,0.43438914760453085 ,0.2846294995492259   ,0.3670631224578324   ,0.062065383153649116,64
64 ,0.1104429562886556  ,0.013314269676911518 ,0.05941255887349447 ,0.008841836982654448 ,35.79304600790468 ,200                    ,0.6092605112158448   ,rbf                ,3790                 ,"{'model__C': 35.79304600790468, 'model__cache_size': 200, 'model__gamma': 0.6092605112158448, 'model__kernel': 'rbf', 'model__max_iter': 3790}"    ,0.319695132065021    ,0.4457015208775259  ,0.3346758586479265   ,0.3666908371968245   ,0.05620273803535933 ,65
65 ,0.0676735242207845  ,0.002600054874038502 ,0.04396573702494303 ,0.009613512528102266 ,43.83579814578953 ,500                    ,0.11293908391713003  ,rbf                ,1111                 ,"{'model__C': 43.83579814578953, 'model__cache_size': 500, 'model__gamma': 0.11293908391713003, 'model__kernel': 'rbf', 'model__max_iter': 1111}"   ,0.33388175381418483  ,0.46768231682452877 ,0.29480060005958997  ,0.36545489023276784  ,0.07402553255635504 ,66
66 ,0.07432723045349121 ,0.004645528428752944 ,0.03843458493550619 ,0.001759395946820776 ,19.481181748310796,200                    ,0.07956568951872439  ,rbf                ,2718                 ,"{'model__C': 19.481181748310796, 'model__cache_size': 200, 'model__gamma': 0.07956568951872439, 'model__kernel': 'rbf', 'model__max_iter': 2718}"  ,0.2724731233378287   ,0.5003540957791817  ,0.31594165673070507  ,0.3629229586159051   ,0.09878551326088726 ,67
67 ,0.13425636291503906 ,0.006843879997256999 ,0.05197008450826009 ,0.0029423301555529867,162.0040163325974 ,200                    ,0.3502526922879482   ,rbf                ,6369                 ,"{'model__C': 162.0040163325974, 'model__cache_size': 200, 'model__gamma': 0.3502526922879482, 'model__kernel': 'rbf', 'model__max_iter': 6369}"    ,0.4228300018245216   ,0.4628568173368336  ,0.20081677949739318  ,0.3621678662195828   ,0.1152567174610308  ,68
68 ,0.09661022822062175 ,0.00479122436469062  ,0.04064822196960449 ,0.008729309615615768 ,26.160540119109772,1000                   ,0.08486418946848799  ,rbf                ,3889                 ,"{'model__C': 26.160540119109772, 'model__cache_size': 1000, 'model__gamma': 0.08486418946848799, 'model__kernel': 'rbf', 'model__max_iter': 3889}" ,0.2799063614376701   ,0.49637888504001704 ,0.31009094514749425  ,0.3621253972083938   ,0.09572800537512764 ,69
69 ,0.06301418940226237 ,0.001451940702386979 ,0.04361542065938314 ,0.004640110546639288 ,20.397963206180048,1000                   ,0.0769144481575444   ,rbf                ,1191                 ,"{'model__C': 20.397963206180048, 'model__cache_size': 1000, 'model__gamma': 0.0769144481575444, 'model__kernel': 'rbf', 'model__max_iter': 1191}"  ,0.27058429564539743  ,0.49895878551001627 ,0.31535613951929165  ,0.3616330735582351   ,0.09880921979000666 ,70
70 ,0.1412521998087565  ,0.0037688836470262162,0.046306610107421875,0.005309665628880481 ,151.3562191930903 ,1000                   ,0.27431851820849074  ,rbf                ,8412                 ,"{'model__C': 151.3562191930903, 'model__cache_size': 1000, 'model__gamma': 0.27431851820849074, 'model__kernel': 'rbf', 'model__max_iter': 8412}"  ,0.38786611653719283  ,0.4836659184618367  ,0.2130709551840999   ,0.3615343300610432   ,0.11202806425799172 ,71
71 ,0.12026317914326985 ,0.014375902790571781 ,0.0439760684967041  ,0.0016315122674201133,42.87326919954466 ,1000                   ,0.019160422253913376 ,rbf                ,8353                 ,"{'model__C': 42.87326919954466, 'model__cache_size': 1000, 'model__gamma': 0.019160422253913376, 'model__kernel': 'rbf', 'model__max_iter': 8353}" ,0.22136675497955338  ,0.5551428042036424  ,0.30675203475429325  ,0.361087197979163    ,0.1415764698691495  ,72
72 ,0.11990944544474284 ,0.006255113568105237 ,0.04526146252950033 ,0.002517132610325542 ,150.32879852520722,500                    ,0.4364275468220168   ,rbf                ,3591                 ,"{'model__C': 150.32879852520722, 'model__cache_size': 500, 'model__gamma': 0.4364275468220168, 'model__kernel': 'rbf', 'model__max_iter': 3591}"   ,0.3974990934191227   ,0.4387305716143941  ,0.24476369134121234  ,0.36033111879157637  ,0.08343413136186394 ,73
73 ,0.0693058967590332  ,0.0028493680457358133,0.05065298080444336 ,0.0009306436041000976,1.3353726611249122,200                    ,0.3370630342461173   ,rbf                ,4881                 ,"{'model__C': 1.3353726611249122, 'model__cache_size': 200, 'model__gamma': 0.3370630342461173, 'model__kernel': 'rbf', 'model__max_iter': 4881}"   ,0.26136527192590375  ,0.41871787231335467 ,0.39616351641295766  ,0.358748886884072    ,0.069473501371679   ,74
74 ,0.08097139994303386 ,0.0029467610486445797,0.04603370030721029 ,0.007103869860989193 ,14.242271467168594,500                    ,0.07262911192303563  ,rbf                ,3214                 ,"{'model__C': 14.242271467168594, 'model__cache_size': 500, 'model__gamma': 0.07262911192303563, 'model__kernel': 'rbf', 'model__max_iter': 3214}"  ,0.26024301145995987  ,0.5077262642975929  ,0.30775071193151826  ,0.3585733292296904   ,0.10723554737290958 ,75
75 ,0.06996035575866699 ,0.0037396658487550147,0.043975273768107094,0.004543668413866038 ,120.51662828140456,1000                   ,0.19401965459635712  ,rbf                ,1151                 ,"{'model__C': 120.51662828140456, 'model__cache_size': 1000, 'model__gamma': 0.19401965459635712, 'model__kernel': 'rbf', 'model__max_iter': 1151}" ,0.38671486150642265  ,0.47203918593836125 ,0.21550475351988452  ,0.35808626698822277  ,0.10666825854687086 ,76
76 ,0.1309823989868164  ,0.0007808806005817516,0.04397463798522949 ,0.006528189868434116 ,137.56318488286553,1000                   ,0.1764557865240934   ,rbf                ,8214                 ,"{'model__C': 137.56318488286553, 'model__cache_size': 1000, 'model__gamma': 0.1764557865240934, 'model__kernel': 'rbf', 'model__max_iter': 8214}"  ,0.37821151324439084  ,0.48927687844146694 ,0.20376188228086722  ,0.35708342465557497  ,0.11751453911100945 ,77
77 ,0.12466049194335938 ,0.007212504720295963 ,0.04672058423360189 ,0.006365543009785671 ,52.99301333993761 ,1000                   ,0.1014537448204616   ,rbf                ,6190                 ,"{'model__C': 52.99301333993761, 'model__cache_size': 1000, 'model__gamma': 0.1014537448204616, 'model__kernel': 'rbf', 'model__max_iter': 6190}"   ,0.2997043683246563   ,0.48267409983914356 ,0.2866468834447976   ,0.35634178386953247  ,0.08948934767718138 ,78
78 ,0.09475286801656087 ,0.0029715433317480206,0.04730677604675293 ,0.002493365435397455 ,19.231726031672135,200                    ,0.07269850610302966  ,rbf                ,7401                 ,"{'model__C': 19.231726031672135, 'model__cache_size': 200, 'model__gamma': 0.07269850610302966, 'model__kernel': 'rbf', 'model__max_iter': 7401}"  ,0.2624559703881011   ,0.49635084490070613 ,0.3051716581347709   ,0.3546594911411927   ,0.10169722150439324 ,79
79 ,0.1376782258351644  ,0.012362057846567931 ,0.04736407597859701 ,0.003098763564943498 ,79.67906483133146 ,200                    ,0.10793903496967985  ,rbf                ,7480                 ,"{'model__C': 79.67906483133146, 'model__cache_size': 200, 'model__gamma': 0.10793903496967985, 'model__kernel': 'rbf', 'model__max_iter': 7480}"   ,0.3310384433129716   ,0.4643650474290929  ,0.2681503099669825   ,0.35451793356968236  ,0.0818067668202228  ,80
80 ,0.08128476142883301 ,0.005434603634003876 ,0.04464062054951986 ,0.005732961992015438 ,40.896130990072294,500                    ,0.02084041614360645  ,rbf                ,1865                 ,"{'model__C': 40.896130990072294, 'model__cache_size': 500, 'model__gamma': 0.02084041614360645, 'model__kernel': 'rbf', 'model__max_iter': 1865}"  ,0.20902302682081897  ,0.5504742788676941  ,0.2912730893458113   ,0.3502567983447748   ,0.14550268686305065 ,81
81 ,0.10864996910095215 ,0.008978044938535134 ,0.04936933517456055 ,0.010310503616175437 ,32.41768431286508 ,200                    ,0.008830349251766864 ,rbf                ,7123                 ,"{'model__C': 32.41768431286508, 'model__cache_size': 200, 'model__gamma': 0.008830349251766864, 'model__kernel': 'rbf', 'model__max_iter': 7123}"  ,0.25128433119057414  ,0.4771094291694674  ,0.3220735287523423   ,0.35015576303746127  ,0.09430695496136511 ,82
82 ,0.11294182141621907 ,0.006162243747340536 ,0.05130473772684733 ,0.006939910771858812 ,48.68104805084566 ,500                    ,0.010277731500250624 ,rbf                ,6825                 ,"{'model__C': 48.68104805084566, 'model__cache_size': 500, 'model__gamma': 0.010277731500250624, 'model__kernel': 'rbf', 'model__max_iter': 6825}"  ,0.24578132929009233  ,0.48681514168044215 ,0.31228953485148125  ,0.34829533527400525  ,0.10164197927663078 ,83
83 ,0.10268616676330566 ,0.004926736357753276 ,0.04292480150858561 ,0.005166043155041039 ,34.7022778746197  ,200                    ,0.08067707465945907  ,rbf                ,9384                 ,"{'model__C': 34.7022778746197, 'model__cache_size': 200, 'model__gamma': 0.08067707465945907, 'model__kernel': 'rbf', 'model__max_iter': 9384}"    ,0.27708898277748606  ,0.4818440652708643  ,0.28589747991846237  ,0.3482768426556042   ,0.0945147241556802  ,84
84 ,0.09045839309692383 ,0.005032720091014968 ,0.04264291127522787 ,0.009562535109529651 ,24.87704424002072 ,500                    ,0.07176305845494883  ,rbf                ,2996                 ,"{'model__C': 24.87704424002072, 'model__cache_size': 500, 'model__gamma': 0.07176305845494883, 'model__kernel': 'rbf', 'model__max_iter': 2996}"   ,0.26046417419923873  ,0.48143696582349305 ,0.2991178219837919   ,0.3470063206688412   ,0.09635775315384161 ,85
85 ,0.0899809201558431  ,0.0035279364515538843,0.0460364023844401  ,0.006507071822906342 ,41.83674870461437 ,200                    ,0.00988892641878327  ,rbf                ,1945                 ,"{'model__C': 41.83674870461437, 'model__cache_size': 200, 'model__gamma': 0.00988892641878327, 'model__kernel': 'rbf', 'model__max_iter': 1945}"   ,0.2436029509094304   ,0.47468633943173577 ,0.319581051356843    ,0.3459567805660031   ,0.09616528282501915 ,86
86 ,0.11483963330586751 ,0.007699280354459981 ,0.05063358942667643 ,0.006176189939062094 ,36.78474673203771 ,200                    ,0.08027541190214876  ,rbf                ,7797                 ,"{'model__C': 36.78474673203771, 'model__cache_size': 200, 'model__gamma': 0.08027541190214876, 'model__kernel': 'rbf', 'model__max_iter': 7797}"   ,0.2762493404646389   ,0.47980588630165044 ,0.27844230903928735  ,0.34483251193519227  ,0.09544478724614704 ,87
87 ,0.10568491617838542 ,0.007578286097067791 ,0.04832164446512858 ,0.0038667492748412093,22.529486665375444,1000                   ,0.06450624521653774  ,rbf                ,1984                 ,"{'model__C': 22.529486665375444, 'model__cache_size': 1000, 'model__gamma': 0.06450624521653774, 'model__kernel': 'rbf', 'model__max_iter': 1984}" ,0.25325811476497906  ,0.4846774008447904  ,0.288940977015408    ,0.3422921642083925   ,0.10172998041743657 ,88
88 ,0.09262919425964355 ,0.005443447629837819 ,0.04267040888468424 ,0.0023203245081857686,97.91081965694842 ,500                    ,0.10034941905205311  ,rbf                ,2738                 ,"{'model__C': 97.91081965694842, 'model__cache_size': 500, 'model__gamma': 0.10034941905205311, 'model__kernel': 'rbf', 'model__max_iter': 2738}"   ,0.33400557923537866  ,0.4417699709766759  ,0.24498029978707148  ,0.3402519499997087   ,0.08046036926140415 ,89
89 ,0.11272231737772624 ,0.004906880785974883 ,0.04899144172668457 ,0.004207979949235993 ,26.91677514619319 ,500                    ,0.06808147315102779  ,rbf                ,7877                 ,"{'model__C': 26.91677514619319, 'model__cache_size': 500, 'model__gamma': 0.06808147315102779, 'model__kernel': 'rbf', 'model__max_iter': 7877}"   ,0.25365852579251713  ,0.47474150188652886 ,0.29090394843043843  ,0.3397679920364948   ,0.09664433643622465 ,90
90 ,0.08364057540893555 ,0.010318917458968487 ,0.04401024182637533 ,0.0045565020806402675,19.030653614210873,200                    ,0.05840277519914471  ,rbf                ,1984                 ,"{'model__C': 19.030653614210873, 'model__cache_size': 200, 'model__gamma': 0.05840277519914471, 'model__kernel': 'rbf', 'model__max_iter': 1984}"  ,0.2498025012272278   ,0.482973128736934   ,0.28551861671229484  ,0.3394314155588189   ,0.1025413015745911  ,91
91 ,0.08261799812316895 ,0.004640251451840124 ,0.04897658030192057 ,0.005718372034243052 ,46.92680899768591 ,200                    ,0.02026485043181491  ,rbf                ,1508                 ,"{'model__C': 46.92680899768591, 'model__cache_size': 200, 'model__gamma': 0.02026485043181491, 'model__kernel': 'rbf', 'model__max_iter': 1508}"   ,0.19276986519110317  ,0.544777951060667   ,0.2708837867251339   ,0.33614386765896803  ,0.15093394085273745 ,92
92 ,0.07730015118916829 ,0.005000219902144926 ,0.04498521486918131 ,0.0029584221391358496,32.11999639276417 ,1000                   ,0.06390661333763098  ,rbf                ,2083                 ,"{'model__C': 32.11999639276417, 'model__cache_size': 1000, 'model__gamma': 0.06390661333763098, 'model__kernel': 'rbf', 'model__max_iter': 2083}"  ,0.24894161314496432  ,0.4554360335391052  ,0.28349923053482273  ,0.3292922924062974   ,0.09030592376343714 ,93
93 ,0.0697031815846761  ,0.0037430654312920163,0.04441022872924805 ,0.010220084344713392 ,18.57186162957548 ,200                    ,0.05020169787271848  ,rbf                ,1151                 ,"{'model__C': 18.57186162957548, 'model__cache_size': 200, 'model__gamma': 0.05020169787271848, 'model__kernel': 'rbf', 'model__max_iter': 1151}"   ,0.19482265606859506  ,0.4849271150463267  ,0.29086255274452677  ,0.3235374412864828   ,0.12066727127549964 ,94
94 ,0.08067123095194499 ,0.004789485662470686 ,0.04302056630452474 ,0.0028401242434760916,77.05973213882216 ,1000                   ,0.013701842406700714 ,rbf                ,1964                 ,"{'model__C': 77.05973213882216, 'model__cache_size': 1000, 'model__gamma': 0.013701842406700714, 'model__kernel': 'rbf', 'model__max_iter': 1964}" ,0.1856279464262054   ,0.5188146935981155  ,0.2643037418355454   ,0.3229154606199554   ,0.14219670016540856 ,95
95 ,0.10767086346944173 ,0.008210281399638886 ,0.04333289464314779 ,0.004097970470569588 ,62.08911092209176 ,200                    ,0.0064369322131187946,rbf                ,3790                 ,"{'model__C': 62.08911092209176, 'model__cache_size': 200, 'model__gamma': 0.0064369322131187946, 'model__kernel': 'rbf', 'model__max_iter': 3790}" ,0.23729775233329986  ,0.44736314793487364 ,0.2827996419747094   ,0.3224868474142943   ,0.09023367188957894 ,96
96 ,0.11702410380045573 ,0.011826347269744774 ,0.044971863428751625,0.006687094632463868 ,43.11187366281874 ,1000                   ,0.06571373629035648  ,rbf                ,7301                 ,"{'model__C': 43.11187366281874, 'model__cache_size': 1000, 'model__gamma': 0.06571373629035648, 'model__kernel': 'rbf', 'model__max_iter': 7301}"  ,0.24048243081520737  ,0.4488413406362023  ,0.2709686398836595   ,0.32009747044502307  ,0.09188249858630587 ,97
97 ,0.1113584041595459  ,0.004634189668024663 ,0.04766329129536947 ,0.009026715789461844 ,84.9315656167179  ,200                    ,0.007833594236641732 ,rbf                ,5099                 ,"{'model__C': 84.9315656167179, 'model__cache_size': 200, 'model__gamma': 0.007833594236641732, 'model__kernel': 'rbf', 'model__max_iter': 5099}"   ,0.23281543225711465  ,0.4554724049887937  ,0.2704464622561128   ,0.31957809983400703  ,0.0973121103625617  ,98
98 ,0.11209837595621745 ,0.0027949654907669197,0.04564650853474935 ,0.005736814438606716 ,91.1054412383275  ,1000                   ,0.009265545895311563 ,rbf                ,4345                 ,"{'model__C': 91.1054412383275, 'model__cache_size': 1000, 'model__gamma': 0.009265545895311563, 'model__kernel': 'rbf', 'model__max_iter': 4345}"  ,0.2096696965824545   ,0.4688305010265085  ,0.2750581194828198   ,0.31785277236392756  ,0.1100442861652622  ,99
99 ,0.08632532755533855 ,0.0097999412708563   ,0.04232947031656901 ,0.005748954742988409 ,31.763590853048413,1000                   ,0.05570576927486144  ,rbf                ,2381                 ,"{'model__C': 31.763590853048413, 'model__cache_size': 1000, 'model__gamma': 0.05570576927486144, 'model__kernel': 'rbf', 'model__max_iter': 2381}" ,0.22479058697876986  ,0.45815342138924386 ,0.26372869304858015  ,0.3155575671388646   ,0.10207587786583894 ,100
100,0.11293943723042806 ,0.01151771620784299  ,0.05030504862467448 ,0.004189656638167987 ,171.8357396736351 ,1000                   ,0.17171725984902042  ,rbf                ,3413                 ,"{'model__C': 171.8357396736351, 'model__cache_size': 1000, 'model__gamma': 0.17171725984902042, 'model__kernel': 'rbf', 'model__max_iter': 3413}"  ,0.28436637177751656  ,0.47391366167493076 ,0.17632976525155764  ,0.31153659956800167  ,0.12299785854848409 ,101
101,0.10335437456766765 ,0.007369308897394129 ,0.0463259220123291  ,0.005900833537624353 ,96.26704347430717 ,1000                   ,0.012053912139846927 ,rbf                ,3135                 ,"{'model__C': 96.26704347430717, 'model__cache_size': 1000, 'model__gamma': 0.012053912139846927, 'model__kernel': 'rbf', 'model__max_iter': 3135}" ,0.1789177633994894   ,0.5056990986183925  ,0.24657832607698416  ,0.310398396031622    ,0.14083385307665064 ,102
102,0.10196852684020996 ,0.001591610090231803 ,0.048306941986083984,0.008050676054725705 ,49.13006922239072 ,200                    ,0.06129559740510913  ,rbf                ,3631                 ,"{'model__C': 49.13006922239072, 'model__cache_size': 200, 'model__gamma': 0.06129559740510913, 'model__kernel': 'rbf', 'model__max_iter': 3631}"   ,0.22856998717743726  ,0.4361477210786352  ,0.26001029388323393  ,0.3082426673797688   ,0.09134878321656713 ,103
103,0.11821889877319336 ,0.009048065749350302 ,0.053533474604288735,0.007604309467558449 ,27.728291596947162,500                    ,0.0458522799264304   ,rbf                ,7460                 ,"{'model__C': 27.728291596947162, 'model__cache_size': 500, 'model__gamma': 0.0458522799264304, 'model__kernel': 'rbf', 'model__max_iter': 7460}"   ,0.21900108731278733  ,0.4530217207106173  ,0.25240274520921735  ,0.30814185107754066  ,0.10334908532486874 ,104
104,0.11394317944844563 ,0.006663506820294802 ,0.04398115475972494 ,0.004548790531772159 ,251.5488155500023 ,500                    ,0.2699018361547118   ,rbf                ,4881                 ,"{'model__C': 251.5488155500023, 'model__cache_size': 500, 'model__gamma': 0.2699018361547118, 'model__kernel': 'rbf', 'model__max_iter': 4881}"    ,0.3167163508216181   ,0.4667402712184562  ,0.13959357117146742  ,0.30768339773718056  ,0.13370972669425324 ,105
105,0.13057955106099448 ,0.001242394104067409 ,0.0509793758392334  ,0.009262791808311107 ,119.08255977579371,500                    ,0.01022281973493229  ,rbf                ,5793                 ,"{'model__C': 119.08255977579371, 'model__cache_size': 500, 'model__gamma': 0.01022281973493229, 'model__kernel': 'rbf', 'model__max_iter': 5793}"  ,0.18120440139426763  ,0.4894474398297177  ,0.24617129745613076  ,0.305607712893372    ,0.13267242440437232 ,106
106,0.09332974751790364 ,0.002057697946787235 ,0.0423432191212972  ,0.008261985467358894 ,176.7052538924657 ,200                    ,0.18221900464698573  ,rbf                ,2024                 ,"{'model__C': 176.7052538924657, 'model__cache_size': 200, 'model__gamma': 0.18221900464698573, 'model__kernel': 'rbf', 'model__max_iter': 2024}"   ,0.2754726567805055   ,0.46715852480995657 ,0.17049023223887783  ,0.30437380460978     ,0.12282637125538086 ,107
107,0.05799404780069987 ,0.005368479866331191 ,0.03435397148132324 ,0.0040125912641523105,31.367461187854385,200                    ,0.02012400423132632  ,rbf                ,853                  ,"{'model__C': 31.367461187854385, 'model__cache_size': 200, 'model__gamma': 0.02012400423132632, 'model__kernel': 'rbf', 'model__max_iter': 853}"   ,0.1713966215149756   ,0.4564511746857287  ,0.2802840110695384   ,0.30271060242341424  ,0.1174485378670441  ,108
108,0.09700552622477214 ,0.004043592439173149 ,0.04802083969116211 ,0.002169568014280447 ,71.67791122084009 ,1000                   ,0.003094608138403044 ,rbf                ,5516                 ,"{'model__C': 71.67791122084009, 'model__cache_size': 1000, 'model__gamma': 0.003094608138403044, 'model__kernel': 'rbf', 'model__max_iter': 5516}" ,0.23931651688695987  ,0.4292556837388304  ,0.23453590757498233  ,0.3010360360669242   ,0.09068598602937229 ,109
109,0.12126366297403972 ,0.004107094027374449 ,0.051636695861816406,0.011138505251419155 ,79.12237979817975 ,500                    ,0.003181403459662207 ,rbf                ,8055                 ,"{'model__C': 79.12237979817975, 'model__cache_size': 500, 'model__gamma': 0.003181403459662207, 'model__kernel': 'rbf', 'model__max_iter': 8055}"  ,0.23748416623276036  ,0.42858564597084414 ,0.22901762977400164  ,0.29836248065920207  ,0.09214653239176292 ,110
110,0.12892675399780273 ,0.009893888394714128 ,0.04130983352661133 ,0.00329824378281334  ,231.42327694826474,200                    ,0.24681007631678328  ,rbf                ,6627                 ,"{'model__C': 231.42327694826474, 'model__cache_size': 200, 'model__gamma': 0.24681007631678328, 'model__kernel': 'rbf', 'model__max_iter': 6627}"  ,0.26571720543238264  ,0.4767836343234013  ,0.15227607463242676  ,0.2982589714627369   ,0.13446316466212    ,111
111,0.10031493504842122 ,0.003300015906345311 ,0.050673325856526695,0.004688474680428113 ,180.77676421150625,200                    ,0.11663556221844276  ,rbf                ,2639                 ,"{'model__C': 180.77676421150625, 'model__cache_size': 200, 'model__gamma': 0.11663556221844276, 'model__kernel': 'rbf', 'model__max_iter': 2639}"  ,0.27532233607352796  ,0.4079870880314401  ,0.21045440158154927  ,0.2979212752288391   ,0.0822103991485133  ,112
112,0.10294222831726074 ,0.01156846916256928  ,0.04497400919596354 ,0.0071136508755819125,112.60557913853866,200                    ,0.012044428503699642 ,rbf                ,3075                 ,"{'model__C': 112.60557913853866, 'model__cache_size': 200, 'model__gamma': 0.012044428503699642, 'model__kernel': 'rbf', 'model__max_iter': 3075}" ,0.16289229622131796  ,0.5083937961770262  ,0.22146677626203626  ,0.2975842895534601   ,0.15097070022615566 ,113
113,0.0693069299062093  ,0.003302961449495198 ,0.03704420725504557 ,0.0035456537731691495,86.48015834977011 ,1000                   ,0.11148213545507223  ,rbf                ,1091                 ,"{'model__C': 86.48015834977011, 'model__cache_size': 1000, 'model__gamma': 0.11148213545507223, 'model__kernel': 'rbf', 'model__max_iter': 1091}"  ,0.31750573398655524  ,0.3491358318781951  ,0.22326130684173817  ,0.2966342909021628   ,0.05346532749117056 ,114
114,0.13436468442281088 ,0.015157073799942468 ,0.04463728268941244 ,0.001241303297622031 ,69.84353243887705 ,1000                   ,0.06782934333416935  ,rbf                ,9067                 ,"{'model__C': 69.84353243887705, 'model__cache_size': 1000, 'model__gamma': 0.06782934333416935, 'model__kernel': 'rbf', 'model__max_iter': 9067}"  ,0.24057858583576353  ,0.43505103525034194 ,0.21275642783533455  ,0.29612868297381334  ,0.09888742114304577 ,115
115,0.15094383557637533 ,0.010927563759101953 ,0.054057041803995766,0.013221434867458831 ,119.01119999474501,1000                   ,0.08937784045945835  ,rbf                ,8869                 ,"{'model__C': 119.01119999474501, 'model__cache_size': 1000, 'model__gamma': 0.08937784045945835, 'model__kernel': 'rbf', 'model__max_iter': 8869}" ,0.26919815729581864  ,0.41225258599541625 ,0.20686242447388759  ,0.29610438925504085  ,0.08598154298507912 ,116
116,0.1305882136027018  ,0.004956943915928275 ,0.04240274429321289 ,0.00444348708733969  ,97.52196186564929 ,500                    ,0.00530650959103094  ,rbf                ,7460                 ,"{'model__C': 97.52196186564929, 'model__cache_size': 500, 'model__gamma': 0.00530650959103094, 'model__kernel': 'rbf', 'model__max_iter': 7460}"   ,0.23129261966195835  ,0.4124034591770095  ,0.2333120880191668   ,0.2923360556193782   ,0.08490447813440999 ,117
117,0.09227991104125977 ,0.0016986616967650245,0.05696821212768555 ,0.00697211272853154  ,25.39498673080245 ,200                    ,0.0018240718598710017,rbf                ,7976                 ,"{'model__C': 25.39498673080245, 'model__cache_size': 200, 'model__gamma': 0.0018240718598710017, 'model__kernel': 'rbf', 'model__max_iter': 7976}" ,0.20983269247345826  ,0.41038456404555457 ,0.24268750530894911  ,0.28763492060932067  ,0.08782735300730903 ,118
118,0.11328426996866862 ,0.008640191132393803 ,0.05135846138000488 ,0.006851502679733082 ,47.2789859082349  ,500                    ,0.04794736997580962  ,rbf                ,6865                 ,"{'model__C': 47.2789859082349, 'model__cache_size': 500, 'model__gamma': 0.04794736997580962, 'model__kernel': 'rbf', 'model__max_iter': 6865}"    ,0.19405687097721924  ,0.43636536998455233 ,0.23073922594004237  ,0.28705382230060467  ,0.1066359929705928  ,119
119,0.07299844423929851 ,0.0032819550898614607,0.042299509048461914,0.008336883236294309 ,57.21212287167011 ,200                    ,0.05440378655320514  ,rbf                ,1587                 ,"{'model__C': 57.21212287167011, 'model__cache_size': 200, 'model__gamma': 0.05440378655320514, 'model__kernel': 'rbf', 'model__max_iter': 1587}"   ,0.2221435894793431   ,0.40249506156835846 ,0.22726171790451488  ,0.2839667896507388   ,0.08383818637700056 ,120
120,0.059643824895222984,0.004052185822977942 ,0.03704007466634115 ,0.0035558363062079892,139.58378736630772,1000                   ,0.15200362923458924  ,rbf                ,853                  ,"{'model__C': 139.58378736630772, 'model__cache_size': 1000, 'model__gamma': 0.15200362923458924, 'model__kernel': 'rbf', 'model__max_iter': 853}"  ,0.3295756560172358   ,0.34286188209483626 ,0.17726071715249814  ,0.28323275175485674  ,0.07512959931198397 ,121
121,0.12126954396565755 ,0.006795238611466724 ,0.05301856994628906 ,0.01097837703567707  ,41.03081390061203 ,500                    ,0.038415718829486856 ,rbf                ,8214                 ,"{'model__C': 41.03081390061203, 'model__cache_size': 500, 'model__gamma': 0.038415718829486856, 'model__kernel': 'rbf', 'model__max_iter': 8214}"  ,0.19382961277103605  ,0.43584458777226953 ,0.21998765476310678  ,0.2832206184354708   ,0.10844850637454563 ,122
122,0.11152267456054688 ,0.006620995835171627 ,0.0469971497853597  ,0.0037242965381537696,80.20425420840141 ,200                    ,0.0026720816866511368,rbf                ,5813                 ,"{'model__C': 80.20425420840141, 'model__cache_size': 200, 'model__gamma': 0.0026720816866511368, 'model__kernel': 'rbf', 'model__max_iter': 5813}" ,0.24017888784400343  ,0.41356823070502646 ,0.195020397755168    ,0.28292250543473263  ,0.09420209288307305 ,123
123,0.11195000012715657 ,0.0056520123407645265,0.04798261324564616 ,0.012752028357458261 ,66.69769342753803 ,1000                   ,0.05698582024805622  ,rbf                ,5575                 ,"{'model__C': 66.69769342753803, 'model__cache_size': 1000, 'model__gamma': 0.05698582024805622, 'model__kernel': 'rbf', 'model__max_iter': 5575}"  ,0.20354197476370917  ,0.4136774345954545  ,0.2303980173134874   ,0.282539142224217    ,0.09337469517983978 ,124
124,0.11426862080891927 ,0.009172303352210144 ,0.04863731066385905 ,0.010202822416985148 ,55.52852595556702 ,500                    ,0.05052604745655     ,rbf                ,5694                 ,"{'model__C': 55.52852595556702, 'model__cache_size': 500, 'model__gamma': 0.05052604745655, 'model__kernel': 'rbf', 'model__max_iter': 5694}"      ,0.18905802364691537  ,0.42202146670886875 ,0.23238965290695568  ,0.28115638108757995  ,0.10116533261251823 ,125
125,0.11226828893025716 ,0.009457484292967281 ,0.04464594523111979 ,0.004500293484513903 ,49.146162858597755,500                    ,0.03091616830501305  ,rbf                ,7162                 ,"{'model__C': 49.146162858597755, 'model__cache_size': 500, 'model__gamma': 0.03091616830501305, 'model__kernel': 'rbf', 'model__max_iter': 7162}"  ,0.18769785610090872  ,0.43246555323218394 ,0.21614114993582567  ,0.2787681864229728   ,0.10929902611371174 ,126
126,0.10370930035909016 ,0.005827869457907714 ,0.03899566332499186 ,0.002956125162475602 ,59.314324608355086,1000                   ,0.05061098148659096  ,rbf                ,3889                 ,"{'model__C': 59.314324608355086, 'model__cache_size': 1000, 'model__gamma': 0.05061098148659096, 'model__kernel': 'rbf', 'model__max_iter': 3889}" ,0.1897477857971388   ,0.4160726451029009  ,0.23015411320166212  ,0.2786581813672339   ,0.09855698506076262 ,127
127,0.11225565274556477 ,0.0017362956115081752,0.045696099599202476,0.0019320367435911338,48.62919320986936 ,1000                   ,0.031262368712381215 ,rbf                ,6488                 ,"{'model__C': 48.62919320986936, 'model__cache_size': 1000, 'model__gamma': 0.031262368712381215, 'model__kernel': 'rbf', 'model__max_iter': 6488}" ,0.18811546217697672  ,0.4321406830870451  ,0.21533311862686255  ,0.2785297546302948   ,0.10918619635486485 ,128
128,0.11127098401387532 ,0.008989114850101365 ,0.046975294748942055,0.006528482593287621 ,96.09782860413563 ,500                    ,0.07439278308608545  ,rbf                ,4762                 ,"{'model__C': 96.09782860413563, 'model__cache_size': 500, 'model__gamma': 0.07439278308608545, 'model__kernel': 'rbf', 'model__max_iter': 4762}"   ,0.232809113011891    ,0.4118391785442438  ,0.18753372994260398  ,0.27739400716624624  ,0.09684727894357527 ,129
129,0.16062259674072266 ,0.00902469205636121  ,0.049028635025024414,0.008865223455939658 ,189.7377203229012 ,500                    ,0.0100273605386305   ,rbf                ,8154                 ,"{'model__C': 189.7377203229012, 'model__cache_size': 500, 'model__gamma': 0.0100273605386305, 'model__kernel': 'rbf', 'model__max_iter': 8154}"    ,0.138501800969269    ,0.4959302189184699  ,0.19699398686983238  ,0.2771420022525238   ,0.15653869972364717 ,130
130,0.13525613149007162 ,0.01013704498980652  ,0.048304478327433266,0.0030898851887385032,79.56978461389316 ,500                    ,0.05949759030314821  ,rbf                ,8908                 ,"{'model__C': 79.56978461389316, 'model__cache_size': 500, 'model__gamma': 0.05949759030314821, 'model__kernel': 'rbf', 'model__max_iter': 8908}"   ,0.21128887357403303  ,0.4137662233056081  ,0.19734610071043124  ,0.2741337325300241   ,0.09889902119140397 ,131
131,0.1616791089375814  ,0.008964366556804451 ,0.05298805236816406 ,0.010208615491715613 ,160.09499323084876,200                    ,0.007358294369751587 ,rbf                ,9880                 ,"{'model__C': 160.09499323084876, 'model__cache_size': 200, 'model__gamma': 0.007358294369751587, 'model__kernel': 'rbf', 'model__max_iter': 9880}" ,0.18911831868597517  ,0.4218038379092296  ,0.20674733918597266  ,0.2725564985937258   ,0.1057789261006658  ,132
132,0.12697458267211914 ,0.005719403381922035 ,0.048006137212117515,0.0028424498733886586,98.31249947827285 ,500                    ,0.06952291141108963  ,rbf                ,6528                 ,"{'model__C': 98.31249947827285, 'model__cache_size': 500, 'model__gamma': 0.06952291141108963, 'model__kernel': 'rbf', 'model__max_iter': 6528}"   ,0.23018684917615118  ,0.41179122953474545 ,0.17422082580440879  ,0.2720663015051018   ,0.10140789113830813 ,133
133,0.11028035481770833 ,0.005173666145122868 ,0.041233062744140625,0.0022922829641952025,111.21338447386744,1000                   ,0.015092058664226415 ,rbf                ,3155                 ,"{'model__C': 111.21338447386744, 'model__cache_size': 1000, 'model__gamma': 0.015092058664226415, 'model__kernel': 'rbf', 'model__max_iter': 3155}",0.13415192256383002  ,0.49646484273444114 ,0.17998080934900518  ,0.2701991915490921   ,0.16108420240304888 ,134
134,0.10927788416544597 ,0.006030013401770772 ,0.04998207092285156 ,0.011754581659273167 ,91.29425537759532 ,1000                   ,0.05902887476385446  ,rbf                ,4345                 ,"{'model__C': 91.29425537759532, 'model__cache_size': 1000, 'model__gamma': 0.05902887476385446, 'model__kernel': 'rbf', 'model__max_iter': 4345}"  ,0.21289258576287295  ,0.4056072829160813  ,0.17983694467181555  ,0.26611227111692326  ,0.0995567261736431  ,135
135,0.12298099199930827 ,0.0029433109816195584,0.044631560643514   ,0.000955363552449013 ,73.1452805760152  ,200                    ,0.05172397689144864  ,rbf                ,6389                 ,"{'model__C': 73.1452805760152, 'model__cache_size': 200, 'model__gamma': 0.05172397689144864, 'model__kernel': 'rbf', 'model__max_iter': 6389}"    ,0.17726497049999523  ,0.4009298878817239  ,0.21933815922063005  ,0.26584433920078304  ,0.09705193592128449 ,136
136,0.12271745999654134 ,0.005174830266080319 ,0.05026737848917643 ,0.004567969052266536 ,119.61431081971851,200                    ,0.0159081879314836   ,rbf                ,3730                 ,"{'model__C': 119.61431081971851, 'model__cache_size': 200, 'model__gamma': 0.0159081879314836, 'model__kernel': 'rbf', 'model__max_iter': 3730}"   ,0.13666584852656205  ,0.5067392232355509  ,0.1523192379443754   ,0.2652414365688294   ,0.17088425492861223 ,137
137,0.09499343236287434 ,0.005617833396267505 ,0.04569204648335775 ,0.008248987762996325 ,59.88268273998645 ,500                    ,0.02896071769593518  ,rbf                ,3512                 ,"{'model__C': 59.88268273998645, 'model__cache_size': 500, 'model__gamma': 0.02896071769593518, 'model__kernel': 'rbf', 'model__max_iter': 3512}"   ,0.16731084091629977  ,0.4224304081918385  ,0.19901689621349017  ,0.26291938177387614  ,0.11353162304635962 ,138
138,0.14636905988057455 ,0.018775974646500854 ,0.05464641253153483 ,0.004172964761540007 ,124.01627989937202,500                    ,0.002574777399011373 ,rbf                ,9226                 ,"{'model__C': 124.01627989937202, 'model__cache_size': 500, 'model__gamma': 0.002574777399011373, 'model__kernel': 'rbf', 'model__max_iter': 9226}" ,0.23379652184929733  ,0.396373148999548   ,0.15716149857666106  ,0.26244372314183545  ,0.09973648623892785 ,139
139,0.032649993896484375,0.0017020281503592116,0.024650732676188152,0.008006608714307162 ,43.21916194678851 ,500                    ,0.34626030225701643  ,rbf                ,258                  ,"{'model__C': 43.21916194678851, 'model__cache_size': 500, 'model__gamma': 0.34626030225701643, 'model__kernel': 'rbf', 'model__max_iter': 258}"    ,0.2884503054680405   ,0.39415559174897574 ,0.10156943136220908  ,0.26139177619307513  ,0.12097048763330888 ,140
140,0.1365079085032145  ,0.005489644295830368 ,0.03999026616414388 ,0.00244426994995005  ,85.78439510282166 ,1000                   ,0.053207935415260504 ,rbf                ,9325                 ,"{'model__C': 85.78439510282166, 'model__cache_size': 1000, 'model__gamma': 0.053207935415260504, 'model__kernel': 'rbf', 'model__max_iter': 9325}" ,0.17859914794341292  ,0.393163510898372   ,0.1992420422872324   ,0.25700156704300575  ,0.09664915411796232 ,141
141,0.10667824745178223 ,0.013832128092827644 ,0.04624152183532715 ,0.0045079158141198665,68.62931048605623 ,200                    ,0.03857354261645083  ,rbf                ,3790                 ,"{'model__C': 68.62931048605623, 'model__cache_size': 200, 'model__gamma': 0.03857354261645083, 'model__kernel': 'rbf', 'model__max_iter': 3790}"   ,0.15915152285936607  ,0.4120097318560494  ,0.19862746287253508  ,0.2565962391959835   ,0.11106935591656561 ,142
142,0.11535366376241048 ,0.008621557991509425 ,0.037301222483317055,0.002681281956243518 ,70.00051847143304 ,200                    ,0.03879927889899452  ,rbf                ,5674                 ,"{'model__C': 70.00051847143304, 'model__cache_size': 200, 'model__gamma': 0.03879927889899452, 'model__kernel': 'rbf', 'model__max_iter': 5674}"   ,0.15465370473525542  ,0.4145061497085465  ,0.1946627796670808   ,0.25460754470362756  ,0.11423908972301446 ,143
143,0.10760617256164551 ,0.006124754181359405 ,0.05030226707458496 ,0.005432819049175226 ,74.0443933181044  ,200                    ,0.024437881524213195 ,rbf                ,2917                 ,"{'model__C': 74.0443933181044, 'model__cache_size': 200, 'model__gamma': 0.024437881524213195, 'model__kernel': 'rbf', 'model__max_iter': 2917}"   ,0.16245860427129488  ,0.42534194459971286 ,0.17585658375386604  ,0.2545523775416246   ,0.12089026325686386 ,144
144,0.13498330116271973 ,0.012016401556919689 ,0.04631304740905762 ,0.009667365807153272 ,76.37615503409346 ,500                    ,0.02511673382758245  ,rbf                ,6170                 ,"{'model__C': 76.37615503409346, 'model__cache_size': 500, 'model__gamma': 0.02511673382758245, 'model__kernel': 'rbf', 'model__max_iter': 6170}"   ,0.15875079133327907  ,0.4237115998547568  ,0.1806988771914787   ,0.2543870894598382   ,0.1200653210647407  ,145
145,0.11166898409525554 ,0.004099627063514953 ,0.04935789108276367 ,0.009745199741723545 ,73.57087289475477 ,500                    ,0.039353208680308685 ,rbf                ,4206                 ,"{'model__C': 73.57087289475477, 'model__cache_size': 500, 'model__gamma': 0.039353208680308685, 'model__kernel': 'rbf', 'model__max_iter': 4206}"  ,0.15157686009419902  ,0.4103432505441753  ,0.19609859931026596  ,0.25267290331621345  ,0.11296164573855859 ,146
146,0.14192120234171549 ,0.010607659143758105 ,0.0526429812113444  ,0.007403424173920235 ,122.4999753130005 ,200                    ,0.07201611311912841  ,rbf                ,8452                 ,"{'model__C': 122.4999753130005, 'model__cache_size': 200, 'model__gamma': 0.07201611311912841, 'model__kernel': 'rbf', 'model__max_iter': 8452}"   ,0.20717278764280744  ,0.39222190185566563 ,0.1554284350076066   ,0.2516077081686932   ,0.10164852222925509 ,147
147,0.13492377599080405 ,0.006527800585740233 ,0.04997094472249349 ,0.004543178932115761 ,87.55537772028686 ,500                    ,0.05111971809048374  ,rbf                ,7401                 ,"{'model__C': 87.55537772028686, 'model__cache_size': 500, 'model__gamma': 0.05111971809048374, 'model__kernel': 'rbf', 'model__max_iter': 7401}"   ,0.167663638526511    ,0.3865941404282195  ,0.2004458005041042   ,0.25156785981961155  ,0.09641140968864348 ,148
148,0.1406861146291097  ,0.007053196831797211 ,0.042984326680501304,0.006192226933294682 ,101.23730941959543,1000                   ,0.057531956282843126 ,rbf                ,8948                 ,"{'model__C': 101.23730941959543, 'model__cache_size': 1000, 'model__gamma': 0.057531956282843126, 'model__kernel': 'rbf', 'model__max_iter': 8948}",0.19636869228513387  ,0.3987539247781312  ,0.1592364885814188   ,0.25145303521489465  ,0.1052548152107198  ,149
149,0.14207800229390463 ,0.007121352537377118 ,0.04397479693094889 ,0.0073444326074009764,94.04920709825932 ,500                    ,0.05293919382528866  ,rbf                ,6885                 ,"{'model__C': 94.04920709825932, 'model__cache_size': 500, 'model__gamma': 0.05293919382528866, 'model__kernel': 'rbf', 'model__max_iter': 6885}"   ,0.1796196544967127   ,0.3907912034357761  ,0.18367173741481868  ,0.25136086511576916  ,0.09860601495181891 ,150
150,0.07365655899047852 ,0.005789689191159774 ,0.04337938626607259 ,0.00449618807945969  ,85.19972910552637 ,1000                   ,0.008695800880856518 ,rbf                ,1449                 ,"{'model__C': 85.19972910552637, 'model__cache_size': 1000, 'model__gamma': 0.008695800880856518, 'model__kernel': 'rbf', 'model__max_iter': 1449}" ,0.08563891552561931  ,0.4639188550404524  ,0.20084719448021915  ,0.25013498834876363  ,0.15831591439935855 ,151
151,0.0649859110514323  ,0.0024602986080363197,0.04232311248779297 ,0.00635217206264671  ,160.64942438261195,200                    ,0.11640623198121998  ,rbf                ,1191                 ,"{'model__C': 160.64942438261195, 'model__cache_size': 200, 'model__gamma': 0.11640623198121998, 'model__kernel': 'rbf', 'model__max_iter': 1191}"  ,0.2730320516141749   ,0.30381015961389646 ,0.16842591468620394  ,0.24842270863809177  ,0.05794502144243414 ,152
152,0.10971657435099284 ,0.0016864892994953836,0.04001291592915853 ,0.0056584263549597285,77.61833954623697 ,200                    ,0.025980515691739405 ,rbf                ,3254                 ,"{'model__C': 77.61833954623697, 'model__cache_size': 200, 'model__gamma': 0.025980515691739405, 'model__kernel': 'rbf', 'model__max_iter': 3254}"  ,0.15503953255665004  ,0.41729111164240607 ,0.17189360244219987  ,0.24807474888041867  ,0.11985170833916425 ,153
153,0.08965953191121419 ,0.004118429434058869 ,0.0449519157409668  ,0.0022215323354421285,96.04090702912865 ,500                    ,0.04316872615150693  ,rbf                ,2024                 ,"{'model__C': 96.04090702912865, 'model__cache_size': 500, 'model__gamma': 0.04316872615150693, 'model__kernel': 'rbf', 'model__max_iter': 2024}"   ,0.18177408552655927  ,0.3874963981031925  ,0.16993598577061653  ,0.24640215646678942  ,0.0998856810514623  ,154
154,0.13225650787353516 ,0.005788591636071648 ,0.044307549794514976,0.007359248471568167 ,84.00443055872574 ,1000                   ,0.045841630720702006 ,rbf                ,7520                 ,"{'model__C': 84.00443055872574, 'model__cache_size': 1000, 'model__gamma': 0.045841630720702006, 'model__kernel': 'rbf', 'model__max_iter': 7520}" ,0.14665966784523332  ,0.38981645669515086 ,0.1989679415847605   ,0.2451480220417149   ,0.10450121487079765 ,155
155,0.08534884452819824 ,0.0004970477894847244,0.03600327173868815 ,0.002143037528547943 ,73.86535882790156 ,200                    ,0.03168265649239175  ,rbf                ,2222                 ,"{'model__C': 73.86535882790156, 'model__cache_size': 200, 'model__gamma': 0.03168265649239175, 'model__kernel': 'rbf', 'model__max_iter': 2222}"   ,0.16301945556147468  ,0.40056697075362846 ,0.16950672712551984  ,0.24436438448020767  ,0.11048365532803338 ,156
156,0.15487082799275717 ,0.01709295880035458  ,0.03798762957255045 ,0.0035509115094221107,129.60772477159034,200                    ,0.07215250280723211  ,rbf                ,9444                 ,"{'model__C': 129.60772477159034, 'model__cache_size': 200, 'model__gamma': 0.07215250280723211, 'model__kernel': 'rbf', 'model__max_iter': 9444}"  ,0.20163607181181953  ,0.38308343452987914 ,0.14753062075752     ,0.24408337569973956  ,0.10073930786782949 ,157
157,0.09230589866638184 ,0.007323823085026025 ,0.042654991149902344,0.0036905000362173175,172.93513695381358,500                    ,0.07702062692473535  ,rbf                ,2083                 ,"{'model__C': 172.93513695381358, 'model__cache_size': 500, 'model__gamma': 0.07702062692473535, 'model__kernel': 'rbf', 'model__max_iter': 2083}"  ,0.21909890048685066  ,0.35921227087618524 ,0.14710346692159837  ,0.2418048794282114   ,0.08806893999788075 ,158
158,0.11489407221476237 ,0.004263546181136524 ,0.05044094721476237 ,0.004217870647123505 ,77.96815233359065 ,500                    ,0.029832737006148892 ,rbf                ,5079                 ,"{'model__C': 77.96815233359065, 'model__cache_size': 500, 'model__gamma': 0.029832737006148892, 'model__kernel': 'rbf', 'model__max_iter': 5079}"  ,0.1394342561007169   ,0.412969052310467   ,0.1664384697950423   ,0.23961392606874207  ,0.12307533393556293 ,159
159,0.10531179110209148 ,0.005228850426010877 ,0.04302398363749186 ,0.004321290565477814 ,89.36325301461753 ,500                    ,0.028801727598069246 ,rbf                ,3452                 ,"{'model__C': 89.36325301461753, 'model__cache_size': 500, 'model__gamma': 0.028801727598069246, 'model__kernel': 'rbf', 'model__max_iter': 3452}"  ,0.13330330577926497  ,0.3997097779377071  ,0.15371386815860044  ,0.2289089839585242   ,0.1210615027774441  ,160
160,0.1485730012257894  ,0.008470484442947138 ,0.04397813479105631 ,0.0014005678772981808,101.98788108214845,1000                   ,0.023948149349344347 ,rbf                ,8452                 ,"{'model__C': 101.98788108214845, 'model__cache_size': 1000, 'model__gamma': 0.023948149349344347, 'model__kernel': 'rbf', 'model__max_iter': 8452}",0.12436767465111198  ,0.41300836590934153 ,0.14895938621989935  ,0.22877847559345096  ,0.13065648965595347 ,161
161,0.13679997126261392 ,0.008041085283066744 ,0.05366841952006022 ,0.0045020730661291045,307.75624127880235,200                    ,0.2149812696273511   ,rbf                ,7619                 ,"{'model__C': 307.75624127880235, 'model__cache_size': 200, 'model__gamma': 0.2149812696273511, 'model__kernel': 'rbf', 'model__max_iter': 7619}"   ,0.11538240890275597  ,0.4679289370761046  ,0.09007322424252395  ,0.2244615234071282   ,0.17246724296908636 ,162
162,0.06435267130533855 ,0.003414491442381496 ,0.040291786193847656,0.0026179519771230416,72.40932175871565 ,500                    ,0.09211409641092068  ,rbf                ,1091                 ,"{'model__C': 72.40932175871565, 'model__cache_size': 500, 'model__gamma': 0.09211409641092068, 'model__kernel': 'rbf', 'model__max_iter': 1091}"   ,0.2701972983281229   ,0.29476932440214154 ,0.09357727275981509  ,0.2195146318300265   ,0.0896143958804614  ,163
163,0.13102173805236816 ,0.012326318660970588 ,0.05033047993977865 ,0.010384125003606389 ,144.1233971049255 ,200                    ,0.06414503320943712  ,rbf                ,5813                 ,"{'model__C': 144.1233971049255, 'model__cache_size': 200, 'model__gamma': 0.06414503320943712, 'model__kernel': 'rbf', 'model__max_iter': 5813}"   ,0.17752320349981543  ,0.3675314610132684  ,0.11162049352943604  ,0.21889171934750662  ,0.10849307626820642 ,164
164,0.14352631568908691 ,0.008365482885591054 ,0.03498085339864095 ,5.947204250930057e-07,108.9162387290241 ,200                    ,0.03339647476334647  ,rbf                ,7341                 ,"{'model__C': 108.9162387290241, 'model__cache_size': 200, 'model__gamma': 0.03339647476334647, 'model__kernel': 'rbf', 'model__max_iter': 7341}"   ,0.1028426510005781   ,0.38845396571898994 ,0.16066163577609327  ,0.21731941749855377  ,0.12329107549772181 ,165
165,0.07400806744893391 ,0.003724353900629735 ,0.04167803128560384 ,0.007406122265520636 ,91.34584129003875 ,1000                   ,0.017580835850006287 ,rbf                ,1389                 ,"{'model__C': 91.34584129003875, 'model__cache_size': 1000, 'model__gamma': 0.017580835850006287, 'model__kernel': 'rbf', 'model__max_iter': 1389}" ,0.05342086209031449  ,0.45826471564151694 ,0.13925798647479737  ,0.21698118806887626  ,0.17417483264251513 ,166
166,0.12524167696634927 ,0.0033967444974440154,0.04336984952290853 ,0.0038869650466153444,118.91370222133257,200                    ,0.028673882298329834 ,rbf                ,4782                 ,"{'model__C': 118.91370222133257, 'model__cache_size': 200, 'model__gamma': 0.028673882298329834, 'model__kernel': 'rbf', 'model__max_iter': 4782}" ,0.10955958704423174  ,0.3880635985304638  ,0.14492434894481032  ,0.21418251150650194  ,0.123797256066918   ,167
167,0.08298691113789876 ,0.008511726964071993 ,0.047707160313924156,0.003278419700515827 ,43.47428328919698 ,1000                   ,0.0006976409181650647,rbf                ,9127                 ,"{'model__C': 43.47428328919698, 'model__cache_size': 1000, 'model__gamma': 0.0006976409181650647, 'model__kernel': 'rbf', 'model__max_iter': 9127}",0.15838035491972102  ,0.3490776518863916  ,0.11160346717682046  ,0.2063538246609777   ,0.10271185407124903 ,168
168,0.1513857046763102  ,0.014236934033402314 ,0.04997936884562174 ,0.006686729711679824 ,149.22453771381407,500                    ,0.05027751757587391  ,rbf                ,9682                 ,"{'model__C': 149.22453771381407, 'model__cache_size': 500, 'model__gamma': 0.05027751757587391, 'model__kernel': 'rbf', 'model__max_iter': 9682}"  ,0.1410380799238855   ,0.3585618914938168  ,0.09958214384147968  ,0.19972737175306066  ,0.1135809613009581  ,169
169,0.12902323404947916 ,0.01007057212359684  ,0.04633243878682455 ,0.0017060006326276445,164.73482913035662,200                    ,0.03827307164183185  ,rbf                ,4544                 ,"{'model__C': 164.73482913035662, 'model__cache_size': 200, 'model__gamma': 0.03827307164183185, 'model__kernel': 'rbf', 'model__max_iter': 4544}"  ,0.10142398822969478  ,0.33553866430162305 ,0.136962184542049    ,0.1913082790244556   ,0.10301308614988025 ,170
170,0.06688539187113444 ,0.003391214110444091 ,0.03996690114339193 ,0.005350016464197732 ,108.62557985649804,500                    ,0.05536563610069876  ,rbf                ,1151                 ,"{'model__C': 108.62557985649804, 'model__cache_size': 500, 'model__gamma': 0.05536563610069876, 'model__kernel': 'rbf', 'model__max_iter': 1151}"  ,0.19314281694498403  ,0.360223956087419   ,0.013931594255271462 ,0.18909945576255816  ,0.141402172409197   ,171
171,0.12562847137451172 ,0.006012177727618706 ,0.04301349322001139 ,0.011367875057872305 ,193.42030336156586,200                    ,0.06427845944128924  ,rbf                ,4405                 ,"{'model__C': 193.42030336156586, 'model__cache_size': 200, 'model__gamma': 0.06427845944128924, 'model__kernel': 'rbf', 'model__max_iter': 4405}"  ,0.13733176510877887  ,0.3493059239788886  ,0.07887787054975381  ,0.18850518654580709  ,0.11618052710199622 ,172
172,0.14415415128072104 ,0.00587758019130832  ,0.04599992434183756 ,0.008041379192968089 ,160.1197582326675 ,200                    ,0.038681029366739665 ,rbf                ,6547                 ,"{'model__C': 160.1197582326675, 'model__cache_size': 200, 'model__gamma': 0.038681029366739665, 'model__kernel': 'rbf', 'model__max_iter': 6547}"  ,0.08363963171697175  ,0.3346146041976621  ,0.135125925234989    ,0.18446005371654095  ,0.10823585782200071 ,173
173,0.06898776690165202 ,0.005099881347495593 ,0.05266896883646647 ,0.010169587208128026 ,94.54974016007587 ,500                    ,0.0005198350817616321,rbf                ,794                  ,"{'model__C': 94.54974016007587, 'model__cache_size': 500, 'model__gamma': 0.0005198350817616321, 'model__kernel': 'rbf', 'model__max_iter': 794}"  ,0.038926288776579    ,0.34780433956906587 ,0.09847454169022951  ,0.16173505667862478  ,0.13379793753465027 ,174
174,0.05763689676920573 ,0.0028659774897350143,0.03864749272664388 ,0.010140262470463025 ,47.362471061940404,200                    ,0.009920501165575414 ,rbf                ,774                  ,"{'model__C': 47.362471061940404, 'model__cache_size': 200, 'model__gamma': 0.009920501165575414, 'model__kernel': 'rbf', 'model__max_iter': 774}"  ,-0.01805740686242774 ,0.2473823055487957  ,0.252342839653647    ,0.160555912780005    ,0.12631492440172098 ,175
175,0.07797725995381673 ,0.001400767573137081 ,0.05503741900126139 ,0.007908643931947006 ,158.86194749542048,1000                   ,0.04124824071376543  ,rbf                ,1905                 ,"{'model__C': 158.86194749542048, 'model__cache_size': 1000, 'model__gamma': 0.04124824071376543, 'model__kernel': 'rbf', 'model__max_iter': 1905}" ,0.0776695037716082   ,0.3310163296915859  ,0.06653844901537287  ,0.1584080941595223   ,0.12213701957259814 ,176
176,0.15021888415018717 ,0.008633590819772666 ,0.055590152740478516,0.0039966126303154015,184.57389894626735,200                    ,0.02987354543513958  ,rbf                ,9444                 ,"{'model__C': 184.57389894626735, 'model__cache_size': 200, 'model__gamma': 0.02987354543513958, 'model__kernel': 'rbf', 'model__max_iter': 9444}"  ,0.002911459699571406 ,0.3495093093407319  ,0.10315182242093501  ,0.15185753048707942  ,0.14562898484994322 ,177
177,0.14502318700154623 ,0.009693613774209728 ,0.039983669916788735,0.0021340481551927575,206.81346984880906,1000                   ,0.04736678788031556  ,rbf                ,6766                 ,"{'model__C': 206.81346984880906, 'model__cache_size': 1000, 'model__gamma': 0.04736678788031556, 'model__kernel': 'rbf', 'model__max_iter': 6766}" ,0.07328360765540842  ,0.323835026813581   ,0.04287802366063709  ,0.1466655527098755   ,0.125891201175601   ,178
178,0.11145750681559245 ,0.007255143267909917 ,0.03943761189778646 ,0.004891030072748277 ,196.56872807738367,1000                   ,0.018696125197741643 ,rbf                ,3393                 ,"{'model__C': 196.56872807738367, 'model__cache_size': 1000, 'model__gamma': 0.018696125197741643, 'model__kernel': 'rbf', 'model__max_iter': 3393}",-0.02201896633043887 ,0.3810069119459356  ,0.07197362736390456  ,0.14365385765980043  ,0.17216466188229076 ,179
179,0.09200660387674968 ,0.0053503687319640236,0.04497631390889486 ,0.0029438696978471173,260.7764399984743 ,500                    ,0.012315010460444966 ,rbf                ,2758                 ,"{'model__C': 260.7764399984743, 'model__cache_size': 500, 'model__gamma': 0.012315010460444966, 'model__kernel': 'rbf', 'model__max_iter': 2758}"  ,0.06724409658649022  ,0.30429211951392876 ,0.04674996202283421  ,0.1394287260410844   ,0.11687587794583544 ,180
180,0.14597058296203613 ,0.008293517517607712 ,0.040310303370157875,0.0026223396133915385,278.9575528819812 ,500                    ,0.020067898874966336 ,rbf                ,5575                 ,"{'model__C': 278.9575528819812, 'model__cache_size': 500, 'model__gamma': 0.020067898874966336, 'model__kernel': 'rbf', 'model__max_iter': 5575}"  ,-0.016012100428249854,0.33461675080881936 ,0.017769291424294065 ,0.11212464726828786  ,0.15792898765434993 ,181
181,0.131271759668986   ,0.00857392763933462  ,0.03931466738382975 ,0.004028028903042007 ,275.9051199092104 ,200                    ,0.16269958059939782  ,rbf                ,5020                 ,"{'model__C': 275.9051199092104, 'model__cache_size': 200, 'model__gamma': 0.16269958059939782, 'model__kernel': 'rbf', 'model__max_iter': 5020}"   ,-0.20682762803064358 ,0.4388334343090491  ,0.08977179429397508  ,0.10725920019079353  ,0.2638799081389805  ,182
182,0.13625669479370117 ,0.011136751224488534 ,0.04264601071675619 ,0.003859946236708978 ,282.2314019384236 ,1000                   ,0.12936040041961344  ,rbf                ,6091                 ,"{'model__C': 282.2314019384236, 'model__cache_size': 1000, 'model__gamma': 0.12936040041961344, 'model__kernel': 'rbf', 'model__max_iter': 6091}"  ,-0.14068069280626316 ,0.3909250337957615  ,0.05067839828298237  ,0.10030757975749356  ,0.21984608840336323 ,183
183,0.16734027862548828 ,0.007766558286226017 ,0.04869723320007324 ,0.0028335796934701387,297.879121883808  ,500                    ,0.030231342162969594 ,rbf                ,7896                 ,"{'model__C': 297.879121883808, 'model__cache_size': 500, 'model__gamma': 0.030231342162969594, 'model__kernel': 'rbf', 'model__max_iter': 7896}"   ,-0.07562781651857975 ,0.27991529655611    ,0.043614228905138885 ,0.08263390298088973  ,0.1477489481912788  ,184
184,0.10827175776163737 ,0.0020530056596808465,0.04697283109029134 ,0.0037398145959887342,300.39960058609313,500                    ,0.06081752619596201  ,rbf                ,3175                 ,"{'model__C': 300.39960058609313, 'model__cache_size': 500, 'model__gamma': 0.06081752619596201, 'model__kernel': 'rbf', 'model__max_iter': 3175}"  ,0.01523710477221285  ,0.1983500108632995  ,0.007092622051676822 ,0.0735599125623964   ,0.08830254667961385 ,185
185,0.08428406715393066 ,0.0020538822068867954,0.0479727586110433  ,0.004239860568599911 ,214.24779867144665,1000                   ,0.04140465098113239  ,rbf                ,2044                 ,"{'model__C': 214.24779867144665, 'model__cache_size': 1000, 'model__gamma': 0.04140465098113239, 'model__kernel': 'rbf', 'model__max_iter': 2044}" ,0.012360966045380062 ,0.23946494521260187 ,-0.03302647615650667 ,0.07293314503382509  ,0.11920468483661602 ,186
186,0.06516718864440918 ,0.005099581542737344 ,0.04166165987650553 ,0.006609328555760577 ,241.31957934871983,500                    ,0.09730904753530854  ,rbf                ,1091                 ,"{'model__C': 241.31957934871983, 'model__cache_size': 500, 'model__gamma': 0.09730904753530854, 'model__kernel': 'rbf', 'model__max_iter': 1091}"  ,0.020666231393627332 ,0.0949961735376671  ,0.031949294998653954 ,0.04920389997664946  ,0.03270602512783718 ,187
187,0.12492680549621582 ,0.0016332641396483473,0.04991618792215983 ,0.008337741649370328 ,228.82305001775057,500                    ,0.0009239605610994409,rbf                ,9464                 ,"{'model__C': 228.82305001775057, 'model__cache_size': 500, 'model__gamma': 0.0009239605610994409, 'model__kernel': 'rbf', 'model__max_iter': 9464}",0.20599586321314223  ,0.1368736082446449  ,-0.2527323534917947  ,0.030045705988664146 ,0.2019357071374169  ,188
188,0.03165539105733236 ,0.0018838533084048952,0.0273438294728597  ,0.0016651740876432004,62.4879022434904  ,200                    ,0.05083366145832069  ,rbf                ,278                  ,"{'model__C': 62.4879022434904, 'model__cache_size': 200, 'model__gamma': 0.05083366145832069, 'model__kernel': 'rbf', 'model__max_iter': 278}"     ,-0.37734921621105255 ,0.11020236556127105 ,0.10747912328769937  ,-0.053222575787360706,0.22919484183605596 ,189
189,0.13390413920084634 ,0.017616302141010398 ,0.045013427734375   ,0.005087431679019924 ,409.9747585992971 ,500                    ,0.07673852499523488  ,rbf                ,4841                 ,"{'model__C': 409.9747585992971, 'model__cache_size': 500, 'model__gamma': 0.07673852499523488, 'model__kernel': 'rbf', 'model__max_iter': 4841}"   ,-0.37395457140079125 ,0.22326489628089285 ,-0.03303609648079897 ,-0.06124192386689912 ,0.24462822086913763 ,190
190,0.1940887769063314  ,0.010664707983701479 ,0.05698704719543457 ,0.01002767210131991  ,431.54585620580923,200                    ,0.04630552604753125  ,rbf                ,10000                ,"{'model__C': 431.54585620580923, 'model__cache_size': 200, 'model__gamma': 0.04630552604753125, 'model__kernel': 'rbf', 'model__max_iter': 10000}" ,-0.25752468075573276 ,0.2538846304816892  ,-0.1831100122422198  ,-0.06225002083875445 ,0.22559583927401064 ,191
191,0.07536896069844563 ,0.004095024814648121 ,0.040300210316975914,0.005894314482772599 ,289.6171682874436 ,500                    ,0.0474574940628019   ,rbf                ,1766                 ,"{'model__C': 289.6171682874436, 'model__cache_size': 500, 'model__gamma': 0.0474574940628019, 'model__kernel': 'rbf', 'model__max_iter': 1766}"    ,-0.09283470826285667 ,0.049457466980248   ,-0.152722404561207   ,-0.06536654861460522 ,0.08479406410032951 ,192
192,0.12226223945617676 ,0.008051761197261004 ,0.04211632410685221 ,0.0008159507803614927,356.5320964602151 ,1000                   ,0.14303927530768643  ,rbf                ,4405                 ,"{'model__C': 356.5320964602151, 'model__cache_size': 1000, 'model__gamma': 0.14303927530768643, 'model__kernel': 'rbf', 'model__max_iter': 4405}"  ,-0.5913896519353932  ,0.3801901161220367  ,-0.010442345860589342,-0.07388062722464861 ,0.3991742502395426  ,193
193,0.15339223543802896 ,0.0038814848622806884,0.045638640721639   ,0.006206533214866775 ,356.77981382916994,500                    ,0.1191728976307604   ,rbf                ,7758                 ,"{'model__C': 356.77981382916994, 'model__cache_size': 500, 'model__gamma': 0.1191728976307604, 'model__kernel': 'rbf', 'model__max_iter': 7758}"   ,-0.5667611648956259  ,0.34471522628825657 ,-0.02587281584851797 ,-0.0826395848186291  ,0.3742674199605392  ,194
194,0.10593930880228679 ,0.0016325834062876753,0.04564094543457031 ,0.00817521029894629  ,366.4960122522567 ,1000                   ,0.11978638819127894  ,rbf                ,2956                 ,"{'model__C': 366.4960122522567, 'model__cache_size': 1000, 'model__gamma': 0.11978638819127894, 'model__kernel': 'rbf', 'model__max_iter': 2956}"  ,-0.649256893562151   ,0.30936042490727855 ,-0.0317688394689275  ,-0.12388843604126665 ,0.39673778567366785 ,195
195,0.04201388359069824 ,0.002430618102843774 ,0.03197010358174642 ,0.00454793931529782  ,81.7360407561493  ,1000                   ,0.028598239030392204 ,rbf                ,457                  ,"{'model__C': 81.7360407561493, 'model__cache_size': 1000, 'model__gamma': 0.028598239030392204, 'model__kernel': 'rbf', 'model__max_iter': 457}"   ,-0.1602884211452309  ,0.20721908046410698 ,-0.5814138214011484  ,-0.1781610540274241  ,0.32220597628505654 ,196
196,0.0859537124633789  ,0.011045574988591027 ,0.0459744930267334  ,0.0050957509843836   ,235.75761837699193,200                    ,0.007188415530315702 ,rbf                ,1964                 ,"{'model__C': 235.75761837699193, 'model__cache_size': 200, 'model__gamma': 0.007188415530315702, 'model__kernel': 'rbf', 'model__max_iter': 1964}" ,-0.24626237385915717 ,-0.40761685445352636,-0.009714585980903356,-0.22119793809786228 ,0.16340690166766497 ,197
197,0.05833792686462402 ,0.0054374237861718544,0.036335388819376625,0.005766520791228561 ,569.4873400744333 ,200                    ,0.08798371425384345  ,rbf                ,1131                 ,"{'model__C': 569.4873400744333, 'model__cache_size': 200, 'model__gamma': 0.08798371425384345, 'model__kernel': 'rbf', 'model__max_iter': 1131}"   ,-1.460514361871807   ,-0.08062718121397894,-0.5053489131615116  ,-0.6821634854157659  ,0.5770440205952192  ,198
198,0.032314300537109375,0.000942572366349981 ,0.025651931762695312,0.0032978102676820063,335.972844566085  ,200                    ,0.015189814782062886 ,rbf                ,377                  ,"{'model__C': 335.972844566085, 'model__cache_size': 200, 'model__gamma': 0.015189814782062886, 'model__kernel': 'rbf', 'model__max_iter': 377}"    ,-1.1882776131351838  ,-0.07367321535449944,-0.9967780384447873  ,-0.7529096223114902  ,0.48661387442785525 ,199
199,0.02898128827412923 ,0.0035555526615254616,0.021654526392618816,0.006596037999243348 ,143.34305470790937,200                    ,0.010660871224538545 ,rbf                ,219                  ,"{'model__C': 143.34305470790937, 'model__cache_size': 200, 'model__gamma': 0.010660871224538545, 'model__kernel': 'rbf', 'model__max_iter': 219}"  ,-1.1577456488393336  ,-2.2813941619370084 ,-5.041064819475202   ,-2.8267348767505145  ,1.6315819147240695  ,200
