   ,mean_fit_time      ,std_fit_time         ,mean_score_time     ,std_score_time       ,param_model__C    ,param_model__cache_size,param_model__gamma   ,param_model__kernel,param_model__max_iter,params                                                                                                                                              ,split0_test_score      ,split1_test_score     ,split2_test_score    ,mean_test_score       ,std_test_score      ,rank_test_score
0  ,0.09227991104125977,0.0020536502405179   ,0.08295273780822754 ,0.0037389011126648082,569.4873400744333 ,200                    ,0.08798371425384345  ,rbf                ,1131                 ,"{'model__C': 569.4873400744333, 'model__cache_size': 200, 'model__gamma': 0.08798371425384345, 'model__kernel': 'rbf', 'model__max_iter': 1131}"   ,0.16205699829470976    ,0.1383722631994021    ,0.2295362128356746   ,0.17665515810992882   ,0.038622498890449976,1
1  ,0.08395036061604817,0.0037385401364865957,0.0696273644765218  ,0.0028652477484995445,307.75624127880235,200                    ,0.2149812696273511   ,rbf                ,7619                 ,"{'model__C': 307.75624127880235, 'model__cache_size': 200, 'model__gamma': 0.2149812696273511, 'model__kernel': 'rbf', 'model__max_iter': 7619}"   ,0.1559662277540168     ,0.14484289996775523   ,0.22453540195257993  ,0.175114843224784     ,0.03523942700996333 ,2
2  ,0.09113152821858723,0.0055166433911376725,0.07492947578430176 ,0.00691274324945377  ,251.5488155500023 ,500                    ,0.2699018361547118   ,rbf                ,4881                 ,"{'model__C': 251.5488155500023, 'model__cache_size': 500, 'model__gamma': 0.2699018361547118, 'model__kernel': 'rbf', 'model__max_iter': 4881}"    ,0.15827529372593396    ,0.14135394903332732   ,0.21579554182754046  ,0.17180826152893391   ,0.03186161324229766 ,3
3  ,0.08261418342590332,0.002357700783356541 ,0.07062530517578125 ,0.007314149843115244 ,356.5320964602151 ,1000                   ,0.14303927530768643  ,rbf                ,4405                 ,"{'model__C': 356.5320964602151, 'model__cache_size': 1000, 'model__gamma': 0.14303927530768643, 'model__kernel': 'rbf', 'model__max_iter': 4405}"  ,0.152304812562286      ,0.13607945454796677   ,0.221130037564773    ,0.16983810155834192   ,0.03686879968337342 ,4
4  ,0.09025041262308757,0.0004951900637903627,0.0775601863861084  ,0.005293564284848546 ,231.42327694826474,200                    ,0.24681007631678328  ,rbf                ,6627                 ,"{'model__C': 231.42327694826474, 'model__cache_size': 200, 'model__gamma': 0.24681007631678328, 'model__kernel': 'rbf', 'model__max_iter': 6627}"  ,0.1498924640749778     ,0.13652749651025242   ,0.20835386438425818  ,0.1649246083231628    ,0.031190071080571806,5
5  ,0.08861986796061198,0.003398047036657558 ,0.07528479894002278 ,0.012216386850363914 ,366.4960122522567 ,1000                   ,0.11978638819127894  ,rbf                ,2956                 ,"{'model__C': 366.4960122522567, 'model__cache_size': 1000, 'model__gamma': 0.11978638819127894, 'model__kernel': 'rbf', 'model__max_iter': 2956}"  ,0.14739626960416996    ,0.12780239876259858   ,0.2164205927494045   ,0.16387308703872436   ,0.038007983467946295,6
6  ,0.08034205436706543,0.0033072063765152353,0.06132626533508301 ,0.0042044649161206635,356.77981382916994,500                    ,0.1191728976307604   ,rbf                ,7758                 ,"{'model__C': 356.77981382916994, 'model__cache_size': 500, 'model__gamma': 0.1191728976307604, 'model__kernel': 'rbf', 'model__max_iter': 7758}"   ,0.1450401160735879     ,0.12627734906053945   ,0.2152153642045842   ,0.16217760977957052   ,0.03827760792188673 ,7
7  ,0.08632135391235352,0.0012359910261734574,0.06401244799296062 ,0.007757955957924524 ,275.9051199092104 ,200                    ,0.16269958059939782  ,rbf                ,5020                 ,"{'model__C': 275.9051199092104, 'model__cache_size': 200, 'model__gamma': 0.16269958059939782, 'model__kernel': 'rbf', 'model__max_iter': 5020}"   ,0.1416207507758075     ,0.12591059565585372   ,0.2077393052729315   ,0.15842355056819757   ,0.035456405063555324,8
8  ,0.08462214469909668,0.004106261894917136 ,0.06828983624776204 ,0.0020546934848763216,409.9747585992971 ,500                    ,0.07673852499523488  ,rbf                ,4841                 ,"{'model__C': 409.9747585992971, 'model__cache_size': 500, 'model__gamma': 0.07673852499523488, 'model__kernel': 'rbf', 'model__max_iter': 4841}"   ,0.1351313766698813     ,0.11865226712330712   ,0.20727957230501737  ,0.15368773869940192   ,0.03848769270620569 ,9
9  ,0.08305907249450684,0.003883677699393568 ,0.0676287015279134  ,0.003856938958797626 ,282.2314019384236 ,1000                   ,0.12936040041961344  ,rbf                ,6091                 ,"{'model__C': 282.2314019384236, 'model__cache_size': 1000, 'model__gamma': 0.12936040041961344, 'model__kernel': 'rbf', 'model__max_iter': 6091}"  ,0.13483855325126703    ,0.11911768053514615   ,0.20362943072442752  ,0.1525285548369469    ,0.036699328759437294,10
10 ,0.11240895589192708,0.009577885103168544 ,0.10006141662597656 ,0.002955985240197024 ,162.0040163325974 ,200                    ,0.3502526922879482   ,rbf                ,6369                 ,"{'model__C': 162.0040163325974, 'model__cache_size': 200, 'model__gamma': 0.3502526922879482, 'model__kernel': 'rbf', 'model__max_iter': 6369}"    ,0.13000244452678966    ,0.11316684608175154   ,0.18084891698906103  ,0.14133940253253408   ,0.028770478424866075,11
11 ,0.09461180369059245,0.002055455177578623 ,0.09627914428710938 ,0.008725568268831871 ,176.7052538924657 ,200                    ,0.18221900464698573  ,rbf                ,2024                 ,"{'model__C': 176.7052538924657, 'model__cache_size': 200, 'model__gamma': 0.18221900464698573, 'model__kernel': 'rbf', 'model__max_iter': 2024}"   ,0.12656223918943144    ,0.11052499313053354   ,0.18181323935838234  ,0.1396334905594491    ,0.030535735587933044,12
12 ,0.08028570810953777,0.0016986774171709647,0.07880226771036784 ,0.0021660872609263267,241.31957934871983,500                    ,0.09730904753530854  ,rbf                ,1091                 ,"{'model__C': 241.31957934871983, 'model__cache_size': 500, 'model__gamma': 0.09730904753530854, 'model__kernel': 'rbf', 'model__max_iter': 1091}"  ,0.12347647619797142    ,0.10614847220983137   ,0.18758774791332955  ,0.1390708987737108    ,0.03502835440402194 ,13
13 ,0.0886853535970052 ,0.006169810824210105 ,0.059644063313802086,0.0009359364254443374,151.3562191930903 ,1000                   ,0.27431851820849074  ,rbf                ,8412                 ,"{'model__C': 151.3562191930903, 'model__cache_size': 1000, 'model__gamma': 0.27431851820849074, 'model__kernel': 'rbf', 'model__max_iter': 8412}"  ,0.12769268288361957    ,0.11048549503163485   ,0.17740041035155807  ,0.1385261960889375    ,0.028371643464857328,14
14 ,0.08664210637410481,0.003982707608907497 ,0.09341939290364583 ,0.013175176379920253 ,171.8357396736351 ,1000                   ,0.17171725984902042  ,rbf                ,3413                 ,"{'model__C': 171.8357396736351, 'model__cache_size': 1000, 'model__gamma': 0.17171725984902042, 'model__kernel': 'rbf', 'model__max_iter': 3413}"  ,0.12303543488455104    ,0.10728163213657327   ,0.17987966845138936  ,0.13673224515750457   ,0.031180342930889463,15
15 ,0.10260756810506184,0.004918866528488685 ,0.10563572247823079 ,0.01105377814786021  ,150.32879852520722,500                    ,0.4364275468220168   ,rbf                ,3591                 ,"{'model__C': 150.32879852520722, 'model__cache_size': 500, 'model__gamma': 0.4364275468220168, 'model__kernel': 'rbf', 'model__max_iter': 3591}"   ,0.12349413963506095    ,0.11017375439442256   ,0.17472823475947463  ,0.13613204292965272   ,0.027828135445541   ,16
16 ,0.08395679791768391,0.003738731366302593 ,0.07802359263102214 ,0.014375748995945093 ,180.77676421150625,200                    ,0.11663556221844276  ,rbf                ,2639                 ,"{'model__C': 180.77676421150625, 'model__cache_size': 200, 'model__gamma': 0.11663556221844276, 'model__kernel': 'rbf', 'model__max_iter': 2639}"  ,0.11836715365154016    ,0.10345138007041577   ,0.17853799770154144  ,0.13345217714116578   ,0.032456827603065126,17
17 ,0.08595029513041179,0.005351570994925982 ,0.07095925013224284 ,0.004318378004869355 ,431.54585620580923,200                    ,0.04630552604753125  ,rbf                ,10000                ,"{'model__C': 431.54585620580923, 'model__cache_size': 200, 'model__gamma': 0.04630552604753125, 'model__kernel': 'rbf', 'model__max_iter': 10000}" ,0.1231668918860852     ,0.09674384138485526   ,0.17024284600534212  ,0.1300511930920942    ,0.030398148215221705,18
18 ,0.07662216822306316,0.0016994408790079833,0.06163255373636881 ,0.0026238331468890833,160.64942438261195,200                    ,0.11640623198121998  ,rbf                ,1191                 ,"{'model__C': 160.64942438261195, 'model__cache_size': 200, 'model__gamma': 0.11640623198121998, 'model__kernel': 'rbf', 'model__max_iter': 1191}"  ,0.1151433325998793     ,0.10283058040956594   ,0.17123765571057858  ,0.12973718957334127   ,0.02977266625425635 ,19
19 ,0.08428510030110677,0.0051807473862180735,0.06995868682861328 ,0.007252285055193268 ,139.58378736630772,1000                   ,0.15200362923458924  ,rbf                ,853                  ,"{'model__C': 139.58378736630772, 'model__cache_size': 1000, 'model__gamma': 0.15200362923458924, 'model__kernel': 'rbf', 'model__max_iter': 853}"  ,0.11416143006515778    ,0.10214944862921926   ,0.16987854654884138  ,0.12872980841440615   ,0.02950690215352533 ,20
20 ,0.08328866958618164,0.009106126881252546 ,0.07761828104654948 ,0.01405109583888566  ,137.56318488286553,1000                   ,0.1764557865240934   ,rbf                ,8214                 ,"{'model__C': 137.56318488286553, 'model__cache_size': 1000, 'model__gamma': 0.1764557865240934, 'model__kernel': 'rbf', 'model__max_iter': 8214}"  ,0.11515914768314783    ,0.10189049965048658   ,0.16909582814092972  ,0.12871515849152138   ,0.029062726600173488,21
21 ,0.08761556943257649,0.0028644995648463454,0.08889166514078777 ,0.013073802271078837 ,115.1898418164119 ,1000                   ,0.28869065170373354  ,rbf                ,9523                 ,"{'model__C': 115.1898418164119, 'model__cache_size': 1000, 'model__gamma': 0.28869065170373354, 'model__kernel': 'rbf', 'model__max_iter': 9523}"  ,0.11633554772846644    ,0.09966252135027409   ,0.16438836800585388  ,0.12679547902819813   ,0.02743983027664636 ,22
22 ,0.09158531824747722,0.0031081688675013374,0.07962592442830403 ,0.004639760734247926 ,300.39960058609313,500                    ,0.06081752619596201  ,rbf                ,3175                 ,"{'model__C': 300.39960058609313, 'model__cache_size': 500, 'model__gamma': 0.06081752619596201, 'model__kernel': 'rbf', 'model__max_iter': 3175}"  ,0.12138720362710687    ,0.09391056470856518   ,0.16086417536311992  ,0.12538731456626398   ,0.027479655026517346,23
23 ,0.08166098594665527,0.006635186374936537 ,0.07665403683980306 ,0.010283943487213053 ,120.51662828140456,1000                   ,0.19401965459635712  ,rbf                ,1151                 ,"{'model__C': 120.51662828140456, 'model__cache_size': 1000, 'model__gamma': 0.19401965459635712, 'model__kernel': 'rbf', 'model__max_iter': 1151}" ,0.11342037280336359    ,0.09614057329951897   ,0.16341587060316098  ,0.12432560556868118   ,0.0285269987096747  ,24
24 ,0.07695555686950684,0.00496369861075667  ,0.06530117988586426 ,0.004032796546378293 ,124.25125189400212,1000                   ,0.14752145260435134  ,rbf                ,5258                 ,"{'model__C': 124.25125189400212, 'model__cache_size': 1000, 'model__gamma': 0.14752145260435134, 'model__kernel': 'rbf', 'model__max_iter': 5258}" ,0.11399517810568094    ,0.09446304332593192   ,0.16213237489433763  ,0.12353019877531683   ,0.028436737659894525,25
25 ,0.08495084444681804,0.002827098313750103 ,0.06296475728352864 ,0.003738986074173427 ,105.23638460775531,200                    ,0.3503557475158312   ,rbf                ,9841                 ,"{'model__C': 105.23638460775531, 'model__cache_size': 200, 'model__gamma': 0.3503557475158312, 'model__kernel': 'rbf', 'model__max_iter': 9841}"   ,0.1101699446692348     ,0.10088995608860574   ,0.15465576516248836  ,0.12190522197344296   ,0.023465976879975217,26
26 ,0.07971461613972981,0.004173239382229343 ,0.06605752309163411 ,0.0057857456332078   ,114.44897561243587,500                    ,0.16845305061859586  ,rbf                ,2163                 ,"{'model__C': 114.44897561243587, 'model__cache_size': 500, 'model__gamma': 0.16845305061859586, 'model__kernel': 'rbf', 'model__max_iter': 2163}"  ,0.10885559048079929    ,0.09518026745657582   ,0.15913357242265325  ,0.12105647678667612   ,0.027497303189073233,27
27 ,0.08794514338175456,0.011339095453119095 ,0.0722951094309489  ,0.01108713425269889  ,96.33456769068319 ,1000                   ,0.4088216525459696   ,rbf                ,2679                 ,"{'model__C': 96.33456769068319, 'model__cache_size': 1000, 'model__gamma': 0.4088216525459696, 'model__kernel': 'rbf', 'model__max_iter': 2679}"   ,0.10416656517212453    ,0.09787263129214707   ,0.1466591867746171   ,0.1162327944129629    ,0.021667601236721745,28
28 ,0.07995374997456868,0.004961042325618021 ,0.05796583493550619 ,0.0035570044048211214,110.51574193724103,200                    ,0.1307875783957741   ,rbf                ,7222                 ,"{'model__C': 110.51574193724103, 'model__cache_size': 200, 'model__gamma': 0.1307875783957741, 'model__kernel': 'rbf', 'model__max_iter': 7222}"   ,0.10600947841168962    ,0.0902087230812777    ,0.15136874363299335  ,0.1158623150419869    ,0.02592226611389092 ,29
29 ,0.08853753407796223,0.004494106510899501 ,0.07563233375549316 ,0.008262251023339565 ,103.69687862952739,200                    ,0.5212233398982137   ,rbf                ,3214                 ,"{'model__C': 103.69687862952739, 'model__cache_size': 200, 'model__gamma': 0.5212233398982137, 'model__kernel': 'rbf', 'model__max_iter': 3214}"   ,0.10163268028261996    ,0.09983881396384242   ,0.14532841949988273  ,0.1155999712487817    ,0.021033940281621113,30
30 ,0.0896147886912028 ,0.0020536375941548842,0.07595539093017578 ,0.014848052182628581 ,93.18477025886182 ,500                    ,0.21055446218414653  ,rbf                ,9761                 ,"{'model__C': 93.18477025886182, 'model__cache_size': 500, 'model__gamma': 0.21055446218414653, 'model__kernel': 'rbf', 'model__max_iter': 9761}"   ,0.10095349961533828    ,0.09406904302933705   ,0.14899523051302044  ,0.11467259105256526   ,0.024431968405764747,31
31 ,0.0856165885925293 ,0.0026234798487342883,0.10493946075439453 ,0.0021599065413163104,101.68588434762378,200                    ,0.13390174048752265  ,rbf                ,8948                 ,"{'model__C': 101.68588434762378, 'model__cache_size': 200, 'model__gamma': 0.13390174048752265, 'model__kernel': 'rbf', 'model__max_iter': 8948}"  ,0.09917014706227933    ,0.0905943561005107    ,0.14683561161721048  ,0.11220003826000018   ,0.02474002497966956 ,32
32 ,0.08701109886169434,0.008044289922981692 ,0.06666350364685059 ,0.002503948990531552 ,172.93513695381358,500                    ,0.07702062692473535  ,rbf                ,2083                 ,"{'model__C': 172.93513695381358, 'model__cache_size': 500, 'model__gamma': 0.07702062692473535, 'model__kernel': 'rbf', 'model__max_iter': 2083}"  ,0.09726922770539204    ,0.0851008878431947    ,0.15206491397983646  ,0.11147834317614107   ,0.029125812388704514,33
33 ,0.08950010935465495,0.0016568329753297289,0.07273634274800618 ,0.0023770594135748596,289.6171682874436 ,500                    ,0.0474574940628019   ,rbf                ,1766                 ,"{'model__C': 289.6171682874436, 'model__cache_size': 500, 'model__gamma': 0.0474574940628019, 'model__kernel': 'rbf', 'model__max_iter': 1766}"    ,0.09780871089154974    ,0.08310033328971844   ,0.150052063514018    ,0.11032036923176207   ,0.028729076337669943,34
34 ,0.0932764212290446 ,0.0025350326908349305,0.08178393046061198 ,0.0051957066820446   ,88.13473778072907 ,1000                   ,0.1614195686122846   ,rbf                ,7936                 ,"{'model__C': 88.13473778072907, 'model__cache_size': 1000, 'model__gamma': 0.1614195686122846, 'model__kernel': 'rbf', 'model__max_iter': 7936}"   ,0.09527269897527979    ,0.0891355223072372    ,0.14406170953868547  ,0.10948997694040082   ,0.024573966651711788,35
35 ,0.07789826393127441,0.002509429772729694 ,0.05833252271016439 ,0.0024863784974341573,119.01119999474501,1000                   ,0.08937784045945835  ,rbf                ,8869                 ,"{'model__C': 119.01119999474501, 'model__cache_size': 1000, 'model__gamma': 0.08937784045945835, 'model__kernel': 'rbf', 'model__max_iter': 8869}" ,0.0931899591009886     ,0.09317098358176856   ,0.14162531463366013  ,0.10932875243880576   ,0.022837119450902072,36
36 ,0.08362603187561035,0.005918169165231708 ,0.07159733772277832 ,0.008082044935416394 ,89.81972208526147 ,1000                   ,0.1433887626239463   ,rbf                ,2520                 ,"{'model__C': 89.81972208526147, 'model__cache_size': 1000, 'model__gamma': 0.1433887626239463, 'model__kernel': 'rbf', 'model__max_iter': 2520}"   ,0.09496678674001979    ,0.08838602356541336   ,0.14365244396287868  ,0.10900175142277062   ,0.0246485899680812  ,37
37 ,0.08735942840576172,0.003827342477825559 ,0.06999691327412923 ,0.004344278755353736 ,297.879121883808  ,500                    ,0.030231342162969594 ,rbf                ,7896                 ,"{'model__C': 297.879121883808, 'model__cache_size': 500, 'model__gamma': 0.030231342162969594, 'model__kernel': 'rbf', 'model__max_iter': 7896}"   ,0.0830483660907263     ,0.09335713198358253   ,0.14833552731310506  ,0.1082470084624713    ,0.028657572254544326,38
38 ,0.08262523015340169,0.004494365728904667 ,0.06496365865071614 ,0.007478651831365964 ,129.60772477159034,200                    ,0.07215250280723211  ,rbf                ,9444                 ,"{'model__C': 129.60772477159034, 'model__cache_size': 200, 'model__gamma': 0.07215250280723211, 'model__kernel': 'rbf', 'model__max_iter': 9444}"  ,0.08930860824350517    ,0.08955977567045181   ,0.14302840835701025  ,0.10729893075698908   ,0.02526476397999001 ,39
39 ,0.08633685111999512,0.002493556542610446 ,0.07468001047770183 ,0.002622379909889833 ,193.42030336156586,200                    ,0.06427845944128924  ,rbf                ,4405                 ,"{'model__C': 193.42030336156586, 'model__cache_size': 200, 'model__gamma': 0.06427845944128924, 'model__kernel': 'rbf', 'model__max_iter': 4405}"  ,0.09384410186339298    ,0.07665571095454182   ,0.14965818803836417  ,0.10671933361876633   ,0.03116268184500421 ,40
40 ,0.0796198050181071 ,0.004781738259753997 ,0.06163167953491211 ,0.004187108728855733 ,122.4999753130005 ,200                    ,0.07201611311912841  ,rbf                ,8452                 ,"{'model__C': 122.4999753130005, 'model__cache_size': 200, 'model__gamma': 0.07201611311912841, 'model__kernel': 'rbf', 'model__max_iter': 8452}"   ,0.08702773350952908    ,0.0923754402210809    ,0.14034704425413003  ,0.10658340599491334   ,0.023974110246161025,41
41 ,0.08328557014465332,0.0016995967483997348,0.06696160634358723 ,0.004543248730830455 ,97.91081965694842 ,500                    ,0.10034941905205311  ,rbf                ,2738                 ,"{'model__C': 97.91081965694842, 'model__cache_size': 500, 'model__gamma': 0.10034941905205311, 'model__kernel': 'rbf', 'model__max_iter': 2738}"   ,0.09541206253014978    ,0.09011086828319925   ,0.1340640612623215   ,0.10652899735855685   ,0.019590141623603747,42
42 ,0.08510533968607585,0.005452197924247115 ,0.08310246467590332 ,0.013229474116972655 ,83.47964870230982 ,1000                   ,0.14181818477567132  ,rbf                ,3750                 ,"{'model__C': 83.47964870230982, 'model__cache_size': 1000, 'model__gamma': 0.14181818477567132, 'model__kernel': 'rbf', 'model__max_iter': 3750}"  ,0.0914393487037658     ,0.0880275698045192    ,0.13855407257951724  ,0.10600699702926741   ,0.02305636794133873 ,43
43 ,0.0756228764851888 ,0.003089576674418068 ,0.07395633061726888 ,0.012824000592119496 ,206.81346984880906,1000                   ,0.04736678788031556  ,rbf                ,6766                 ,"{'model__C': 206.81346984880906, 'model__cache_size': 1000, 'model__gamma': 0.04736678788031556, 'model__kernel': 'rbf', 'model__max_iter': 6766}" ,0.08547223691938677    ,0.08597522034774918   ,0.14501648080286123  ,0.10548797935666572   ,0.027951625689378805,44
44 ,0.08133435249328613,0.00249816199978897  ,0.06303143501281738 ,0.00535877048121908  ,214.24779867144665,1000                   ,0.04140465098113239  ,rbf                ,2044                 ,"{'model__C': 214.24779867144665, 'model__cache_size': 1000, 'model__gamma': 0.04140465098113239, 'model__kernel': 'rbf', 'model__max_iter': 2044}" ,0.083477960870041      ,0.08738528944209611   ,0.14355872741735543  ,0.10480732590983084   ,0.027447770319165975,45
45 ,0.07766040166219075,0.0018860456333854617,0.06871120134989421 ,0.008808930008687694 ,79.40108958812226 ,200                    ,0.13887563960054247  ,rbf                ,3889                 ,"{'model__C': 79.40108958812226, 'model__cache_size': 200, 'model__gamma': 0.13887563960054247, 'model__kernel': 'rbf', 'model__max_iter': 3889}"   ,0.09090594537423113    ,0.08689579212005238   ,0.13542854616707822  ,0.10441009455378725   ,0.021994371820158225,46
46 ,0.08232577641805013,0.006867670884084365 ,0.06601238250732422 ,0.011320459085882067 ,86.48015834977011 ,1000                   ,0.11148213545507223  ,rbf                ,1091                 ,"{'model__C': 86.48015834977011, 'model__cache_size': 1000, 'model__gamma': 0.11148213545507223, 'model__kernel': 'rbf', 'model__max_iter': 1091}"  ,0.09246825365614397    ,0.08622849044139835   ,0.13347297565207583  ,0.10405657324987272   ,0.020955941225346716,47
47 ,0.08661715189615886,0.002628593457883816 ,0.09260853131612141 ,0.005560439703193001 ,79.74613156953929 ,200                    ,0.13357364528682886  ,rbf                ,4464                 ,"{'model__C': 79.74613156953929, 'model__cache_size': 200, 'model__gamma': 0.13357364528682886, 'model__kernel': 'rbf', 'model__max_iter': 4464}"   ,0.09060987574083113    ,0.08632614885330625   ,0.13512795085425022  ,0.10402132514946254   ,0.022065118793623033,48
48 ,0.0863031546274821 ,0.004472440917901658 ,0.08799012502034505 ,0.010704914771575697 ,144.1233971049255 ,200                    ,0.06414503320943712  ,rbf                ,5813                 ,"{'model__C': 144.1233971049255, 'model__cache_size': 200, 'model__gamma': 0.06414503320943712, 'model__kernel': 'rbf', 'model__max_iter': 5813}"   ,0.08875534967860599    ,0.08098779136243672   ,0.14151229012733013  ,0.10375181038945762   ,0.026888338402542757,49
49 ,0.07528924942016602,0.003090030915085887 ,0.0579680601755778  ,0.004238680457959159 ,278.9575528819812 ,500                    ,0.020067898874966336 ,rbf                ,5575                 ,"{'model__C': 278.9575528819812, 'model__cache_size': 500, 'model__gamma': 0.020067898874966336, 'model__kernel': 'rbf', 'model__max_iter': 5575}"  ,0.07049624226472784    ,0.09308252711583453   ,0.1454580808608691   ,0.10301228341381048   ,0.031398188445953136,50
50 ,0.08028976122538249,0.002629243433207949 ,0.05796257654825846 ,0.0035606274191710024,96.09782860413563 ,500                    ,0.07439278308608545  ,rbf                ,4762                 ,"{'model__C': 96.09782860413563, 'model__cache_size': 500, 'model__gamma': 0.07439278308608545, 'model__kernel': 'rbf', 'model__max_iter': 4762}"   ,0.08576668521244768    ,0.08760109793688631   ,0.13122251665839346  ,0.10153009993590915   ,0.021009061150325036,51
51 ,0.08334096272786458,0.0038562663774837956,0.07797360420227051 ,0.005712401749811727 ,98.31249947827285 ,500                    ,0.06952291141108963  ,rbf                ,6528                 ,"{'model__C': 98.31249947827285, 'model__cache_size': 500, 'model__gamma': 0.06952291141108963, 'model__kernel': 'rbf', 'model__max_iter': 6528}"   ,0.0833691051147134     ,0.08836164292119597   ,0.13157757543116588  ,0.10110277448902509   ,0.021645114580194434,52
52 ,0.08698685963948567,0.005112885360918275 ,0.08336408933003743 ,0.012224600127561436 ,79.67906483133146 ,200                    ,0.10793903496967985  ,rbf                ,7480                 ,"{'model__C': 79.67906483133146, 'model__cache_size': 200, 'model__gamma': 0.10793903496967985, 'model__kernel': 'rbf', 'model__max_iter': 7480}"   ,0.09007051066882144    ,0.08166260565590966   ,0.12897682376137698  ,0.10023664669536936   ,0.020610216722386974,53
53 ,0.08495465914408366,0.00571535581107282  ,0.06328304608662923 ,0.005788751725583873 ,149.22453771381407,500                    ,0.05027751757587391  ,rbf                ,9682                 ,"{'model__C': 149.22453771381407, 'model__cache_size': 500, 'model__gamma': 0.05027751757587391, 'model__kernel': 'rbf', 'model__max_iter': 9682}"  ,0.08213505942423138    ,0.08281989399878009   ,0.13562994517425542  ,0.10019496619908896   ,0.02505787369040572 ,54
54 ,0.08462746938069661,0.0073536657530884255,0.07028857866923015 ,0.0032975111932684407,260.7764399984743 ,500                    ,0.012315010460444966 ,rbf                ,2758                 ,"{'model__C': 260.7764399984743, 'model__cache_size': 500, 'model__gamma': 0.012315010460444966, 'model__kernel': 'rbf', 'model__max_iter': 2758}"  ,0.06607485992155337    ,0.09394327446725015   ,0.13593420489181862  ,0.09865077976020738   ,0.02871355631614965 ,55
55 ,0.0879961649576823 ,0.004975398900114504 ,0.06466539700826009 ,0.0018842294603602708,184.57389894626735,200                    ,0.02987354543513958  ,rbf                ,9444                 ,"{'model__C': 184.57389894626735, 'model__cache_size': 200, 'model__gamma': 0.02987354543513958, 'model__kernel': 'rbf', 'model__max_iter': 9444}"  ,0.06871782704217799    ,0.08965213071483136   ,0.13744973047344355  ,0.0986065627434843    ,0.02876519919437407 ,56
56 ,0.0810089906056722 ,0.0058892672923819295,0.07433644930521648 ,0.004514262583474807 ,235.75761837699193,200                    ,0.007188415530315702 ,rbf                ,1964                 ,"{'model__C': 235.75761837699193, 'model__cache_size': 200, 'model__gamma': 0.007188415530315702, 'model__kernel': 'rbf', 'model__max_iter': 1964}" ,0.0726229814816699     ,0.08834824832027544   ,0.13306846654404192  ,0.09801323211532909   ,0.025605638700949535,57
57 ,0.07355809211730957,0.0016517094840103116,0.0696570873260498  ,0.00168312089701463  ,158.86194749542048,1000                   ,0.04124824071376543  ,rbf                ,1905                 ,"{'model__C': 158.86194749542048, 'model__cache_size': 1000, 'model__gamma': 0.04124824071376543, 'model__kernel': 'rbf', 'model__max_iter': 1905}" ,0.07384742370244535    ,0.08317098752750296   ,0.13640512626394807  ,0.0978078458312988    ,0.027556544935791072,58
58 ,0.07662701606750488,0.005178502613416404 ,0.07195353507995605 ,0.007780613632274504 ,164.73482913035662,200                    ,0.03827307164183185  ,rbf                ,4544                 ,"{'model__C': 164.73482913035662, 'model__cache_size': 200, 'model__gamma': 0.03827307164183185, 'model__kernel': 'rbf', 'model__max_iter': 4544}"  ,0.071788484675539      ,0.08385050938878813   ,0.13684897370732574  ,0.09749598925721763   ,0.028259112381597038,59
59 ,0.07995827992757161,0.0021536894300627774,0.06655565897623698 ,0.004464305210720153 ,160.1197582326675 ,200                    ,0.038681029366739665 ,rbf                ,6547                 ,"{'model__C': 160.1197582326675, 'model__cache_size': 200, 'model__gamma': 0.038681029366739665, 'model__kernel': 'rbf', 'model__max_iter': 6547}"  ,0.07129611827583215    ,0.0841278089341353    ,0.13690814800796947  ,0.09744402507264564   ,0.028392790406232354,60
60 ,0.07795365651448567,0.004545067089943629 ,0.07762757937113444 ,0.014053594296325186 ,108.62557985649804,500                    ,0.05536563610069876  ,rbf                ,1151                 ,"{'model__C': 108.62557985649804, 'model__cache_size': 500, 'model__gamma': 0.05536563610069876, 'model__kernel': 'rbf', 'model__max_iter': 1151}"  ,0.07137423686529643    ,0.08596688316242118   ,0.13476532321859902  ,0.09736881441543888   ,0.027106093834989367,61
61 ,0.08661627769470215,0.0032983401507072885,0.09349616368611653 ,0.0069434275726024414,68.94842705050947 ,500                    ,0.14798070809605152  ,rbf                ,7599                 ,"{'model__C': 68.94842705050947, 'model__cache_size': 500, 'model__gamma': 0.14798070809605152, 'model__kernel': 'rbf', 'model__max_iter': 7599}"   ,0.08592595943110581    ,0.07946536998310672   ,0.1259131020323505   ,0.09710147714885435   ,0.020542916059222146,62
62 ,0.08695379892985027,0.0050941031834531815,0.07828474044799805 ,0.002490063028882233 ,196.56872807738367,1000                   ,0.018696125197741643 ,rbf                ,3393                 ,"{'model__C': 196.56872807738367, 'model__cache_size': 1000, 'model__gamma': 0.018696125197741643, 'model__kernel': 'rbf', 'model__max_iter': 3393}",0.06429493333993508    ,0.09316923297069124   ,0.13253770619205163  ,0.09666729083422598   ,0.027969582504915016,63
63 ,0.08428533871968587,0.001250612580900606 ,0.06862743695576985 ,0.0069393394946740536,101.23730941959543,1000                   ,0.057531956282843126 ,rbf                ,8948                 ,"{'model__C': 101.23730941959543, 'model__cache_size': 1000, 'model__gamma': 0.057531956282843126, 'model__kernel': 'rbf', 'model__max_iter': 8948}",0.0725700051118715     ,0.08624616422016107   ,0.13098353340873015  ,0.09659990091358757   ,0.024945740714058865,64
64 ,0.08200335502624512,0.0024651797249469532,0.08233777681986491 ,0.004484365503753995 ,68.52533277464147 ,500                    ,0.11931554084399135  ,rbf                ,9861                 ,"{'model__C': 68.52533277464147, 'model__cache_size': 500, 'model__gamma': 0.11931554084399135, 'model__kernel': 'rbf', 'model__max_iter': 9861}"   ,0.08480136256078918    ,0.08113304782291175   ,0.12351421706350485  ,0.09648287581573527   ,0.019172622677384878,65
65 ,0.07828243573506673,0.003767483216863233 ,0.07029334704081218 ,0.00784176625991358  ,189.7377203229012 ,500                    ,0.0100273605386305   ,rbf                ,8154                 ,"{'model__C': 189.7377203229012, 'model__cache_size': 500, 'model__gamma': 0.0100273605386305, 'model__kernel': 'rbf', 'model__max_iter': 8154}"    ,0.06680921635805326    ,0.08884484159388073   ,0.1303391607794422   ,0.09533107291045873   ,0.02633839854743526 ,66
66 ,0.08295114835103352,0.0008169243056298289,0.06996035575866699 ,0.0028263677432638482,66.26625646686144 ,500                    ,0.1426930576804709   ,rbf                ,1627                 ,"{'model__C': 66.26625646686144, 'model__cache_size': 500, 'model__gamma': 0.1426930576804709, 'model__kernel': 'rbf', 'model__max_iter': 1627}"    ,0.08508509872435366    ,0.07709420715307047   ,0.12319164513267611  ,0.09512365033670007   ,0.020113392485708027,67
67 ,0.08662025133768718,0.005252602150525518 ,0.06562495231628418 ,0.007709418045282874 ,91.29425537759532 ,1000                   ,0.05902887476385446  ,rbf                ,4345                 ,"{'model__C': 91.29425537759532, 'model__cache_size': 1000, 'model__gamma': 0.05902887476385446, 'model__kernel': 'rbf', 'model__max_iter': 4345}"  ,0.07502799098277635    ,0.08310996313243824   ,0.12607492801921738  ,0.094737627378144     ,0.02240311551337956 ,68
68 ,0.08295241991678874,0.004080045668038235 ,0.07981228828430176 ,0.004919474723371251 ,65.40148694264596 ,1000                   ,0.14070574526625856  ,rbf                ,6845                 ,"{'model__C': 65.40148694264596, 'model__cache_size': 1000, 'model__gamma': 0.14070574526625856, 'model__kernel': 'rbf', 'model__max_iter': 6845}"  ,0.08491117077396948    ,0.07638706874581835   ,0.12238799636092623  ,0.09456207862690469   ,0.019981263759698876,69
69 ,0.08889309565226237,0.0019889827036356136,0.08002670605977376 ,0.003578372450146033 ,72.40932175871565 ,500                    ,0.09211409641092068  ,rbf                ,1091                 ,"{'model__C': 72.40932175871565, 'model__cache_size': 500, 'model__gamma': 0.09211409641092068, 'model__kernel': 'rbf', 'model__max_iter': 1091}"   ,0.08618740516807188    ,0.07631746232462866   ,0.12043901608271768  ,0.09431462785847274   ,0.01890708311720786 ,70
70 ,0.08185148239135742,0.005000980620821554 ,0.07059423128763835 ,0.004694591690963524 ,63.235436958292624,500                    ,0.13508262992501627  ,rbf                ,9127                 ,"{'model__C': 63.235436958292624, 'model__cache_size': 500, 'model__gamma': 0.13508262992501627, 'model__kernel': 'rbf', 'model__max_iter': 9127}"  ,0.0839100430265104     ,0.07548615990458685   ,0.12020238296026864  ,0.09319952863045529   ,0.019401134987087683,71
71 ,0.07824333508809407,0.0025506843007361735,0.06193399429321289 ,0.008546908223919217 ,160.09499323084876,200                    ,0.007358294369751587 ,rbf                ,9880                 ,"{'model__C': 160.09499323084876, 'model__cache_size': 200, 'model__gamma': 0.007358294369751587, 'model__kernel': 'rbf', 'model__max_iter': 9880}" ,0.06976333403684354    ,0.08419426799856056   ,0.12518666401835277  ,0.09304808868458563   ,0.023476640618780034,72
72 ,0.08528447151184082,0.0012464917481204226,0.08128658930460612 ,0.011138436385796712 ,61.76293433653791 ,500                    ,0.22463679382387733  ,rbf                ,8670                 ,"{'model__C': 61.76293433653791, 'model__cache_size': 500, 'model__gamma': 0.22463679382387733, 'model__kernel': 'rbf', 'model__max_iter': 8670}"   ,0.08523074495564642    ,0.07480149003972536   ,0.11830783435676728  ,0.09278002311737969   ,0.018546234110652017,73
73 ,0.08528542518615723,0.0009424035327035905,0.07496015230814616 ,0.006528388246587477 ,60.97891815881622 ,500                    ,0.21479795930605772  ,rbf                ,2619                 ,"{'model__C': 60.97891815881622, 'model__cache_size': 500, 'model__gamma': 0.21479795930605772, 'model__kernel': 'rbf', 'model__max_iter': 2619}"   ,0.08522131178382863    ,0.07449294239338577   ,0.11792253819875942  ,0.09254559745865794   ,0.018470992004391003,74
74 ,0.09427833557128906,0.002492600745999662 ,0.08628400166829427 ,0.0032980431868601234,60.61277556769509 ,200                    ,0.11937751636729083  ,rbf                ,5218                 ,"{'model__C': 60.61277556769509, 'model__cache_size': 200, 'model__gamma': 0.11937751636729083, 'model__kernel': 'rbf', 'model__max_iter': 5218}"   ,0.08222601272081709    ,0.07565813798627274   ,0.11708220672295411  ,0.09165545247668132   ,0.018178267578942173,75
75 ,0.07901851336161296,0.0037360607539946825,0.06732336680094402 ,0.002873091386127349 ,94.04920709825932 ,500                    ,0.05293919382528866  ,rbf                ,6885                 ,"{'model__C': 94.04920709825932, 'model__cache_size': 500, 'model__gamma': 0.05293919382528866, 'model__kernel': 'rbf', 'model__max_iter': 6885}"   ,0.06669296237519051    ,0.0819749370958831    ,0.12341141446337     ,0.09069310464481455   ,0.02396178256972561 ,76
76 ,0.0812983512878418 ,0.00262077216245872  ,0.07394965489705403 ,0.004972307253634523 ,119.61431081971851,200                    ,0.0159081879314836   ,rbf                ,3730                 ,"{'model__C': 119.61431081971851, 'model__cache_size': 200, 'model__gamma': 0.0159081879314836, 'model__kernel': 'rbf', 'model__max_iter': 3730}"   ,0.06531501851438248    ,0.08686238504353472   ,0.1186791000718358   ,0.09028550120991767   ,0.021919847829977385,77
77 ,0.07762487729390462,0.00497783140481479  ,0.06795835494995117 ,0.013925273830748054 ,84.9315656167179  ,200                    ,0.007833594236641732 ,rbf                ,5099                 ,"{'model__C': 84.9315656167179, 'model__cache_size': 200, 'model__gamma': 0.007833594236641732, 'model__kernel': 'rbf', 'model__max_iter': 5099}"   ,0.0759671381021092     ,0.08177312807310366   ,0.11301082435317733  ,0.0902503635094634    ,0.016267683982864073,78
78 ,0.07766373952229817,0.002064686846831633 ,0.06599291165669759 ,0.005665497254119112 ,79.56978461389316 ,500                    ,0.05949759030314821  ,rbf                ,8908                 ,"{'model__C': 79.56978461389316, 'model__cache_size': 500, 'model__gamma': 0.05949759030314821, 'model__kernel': 'rbf', 'model__max_iter': 8908}"   ,0.0728450480347348     ,0.07831400851991654   ,0.11866157782000264  ,0.089940211458218     ,0.02043143079445671 ,79
79 ,0.08328779538472493,0.007316951553833571 ,0.06596255302429199 ,0.007867814275953419 ,91.1054412383275  ,1000                   ,0.009265545895311563 ,rbf                ,4345                 ,"{'model__C': 91.1054412383275, 'model__cache_size': 1000, 'model__gamma': 0.009265545895311563, 'model__kernel': 'rbf', 'model__max_iter': 4345}"  ,0.07105284537328937    ,0.08176674520368554   ,0.11556517572858815  ,0.08946158876852102   ,0.018969182929693816,80
80 ,0.0853561560312907 ,0.0004741636002953744,0.07332619031270345 ,0.003096064551684544 ,97.52196186564929 ,500                    ,0.00530650959103094  ,rbf                ,7460                 ,"{'model__C': 97.52196186564929, 'model__cache_size': 500, 'model__gamma': 0.00530650959103094, 'model__kernel': 'rbf', 'model__max_iter': 7460}"   ,0.07489357465624136    ,0.08030586780128612   ,0.11260245191084073  ,0.0892672981227894    ,0.016647728193479917,81
81 ,0.08061917622884114,0.004108215639871335 ,0.06862767537434895 ,0.006646286362135106 ,119.08255977579371,500                    ,0.01022281973493229  ,rbf                ,5793                 ,"{'model__C': 119.08255977579371, 'model__cache_size': 500, 'model__gamma': 0.01022281973493229, 'model__kernel': 'rbf', 'model__max_iter': 5793}"  ,0.06495438014717625    ,0.08364336407293327   ,0.11866618071349477  ,0.08908797497786809   ,0.02226315672358849 ,82
82 ,0.08128603299458821,0.0012458334864696074,0.07196323076883952 ,0.0058909780409936024,85.19972910552637 ,1000                   ,0.008695800880856518 ,rbf                ,1449                 ,"{'model__C': 85.19972910552637, 'model__cache_size': 1000, 'model__gamma': 0.008695800880856518, 'model__kernel': 'rbf', 'model__max_iter': 1449}" ,0.0702295821740404     ,0.08241471552641821   ,0.11416562328139224  ,0.08893664032728361   ,0.018520179163601252,83
83 ,0.08328453699747722,0.003397354365855146 ,0.06957046190897624 ,0.002396532200708606 ,111.21338447386744,1000                   ,0.015092058664226415 ,rbf                ,3155                 ,"{'model__C': 111.21338447386744, 'model__cache_size': 1000, 'model__gamma': 0.015092058664226415, 'model__kernel': 'rbf', 'model__max_iter': 3155}",0.06558921992924771    ,0.08355675779606075   ,0.11737602032579564  ,0.0888406660170347    ,0.02146948126052003 ,84
84 ,0.07767780621846516,0.002617979685092924 ,0.07232530911763509 ,0.008990564102841929 ,112.60557913853866,200                    ,0.012044428503699642 ,rbf                ,3075                 ,"{'model__C': 112.60557913853866, 'model__cache_size': 200, 'model__gamma': 0.012044428503699642, 'model__kernel': 'rbf', 'model__max_iter': 3075}" ,0.06713500219835633    ,0.08298640533585877   ,0.11623833682274154  ,0.08878658145231888   ,0.02046160469505512 ,85
85 ,0.07896240552266438,0.0035573897958022264,0.07096656163533528 ,0.004229239752063283 ,69.84353243887705 ,1000                   ,0.06782934333416935  ,rbf                ,9067                 ,"{'model__C': 69.84353243887705, 'model__cache_size': 1000, 'model__gamma': 0.06782934333416935, 'model__kernel': 'rbf', 'model__max_iter': 9067}"  ,0.07855443964814268    ,0.07229767188622216   ,0.11505218298637221  ,0.08863476484024568   ,0.018853766588087434,86
86 ,0.08195336659749348,0.003558008921622303 ,0.08795388539632161 ,0.008160483263223314 ,118.91370222133257,200                    ,0.028673882298329834 ,rbf                ,4782                 ,"{'model__C': 118.91370222133257, 'model__cache_size': 200, 'model__gamma': 0.028673882298329834, 'model__kernel': 'rbf', 'model__max_iter': 4782}" ,0.06039686511521192    ,0.08430176624769736   ,0.12084653891185826  ,0.08851505675825584   ,0.024857656476090815,87
87 ,0.08001645406087239,0.0016177639812552066,0.0673222541809082  ,0.003679577468332232 ,108.9162387290241 ,200                    ,0.03339647476334647  ,rbf                ,7341                 ,"{'model__C': 108.9162387290241, 'model__cache_size': 200, 'model__gamma': 0.03339647476334647, 'model__kernel': 'rbf', 'model__max_iter': 7341}"   ,0.06093877723137975    ,0.08018695737128534   ,0.12253586270043437  ,0.08788719910103315   ,0.025729626588726046,88
88 ,0.0803378423055013 ,0.0030787699174438955,0.0673378308614095  ,0.005569439678446845 ,85.78439510282166 ,1000                   ,0.053207935415260504 ,rbf                ,9325                 ,"{'model__C': 85.78439510282166, 'model__cache_size': 1000, 'model__gamma': 0.053207935415260504, 'model__kernel': 'rbf', 'model__max_iter': 9325}" ,0.0653381811027145     ,0.07928165952398225   ,0.11895591335239009  ,0.08785858465969561   ,0.022713990350841762,89
89 ,0.0840147336324056 ,0.0008963947228729365,0.08361927668253581 ,0.01131550125315402  ,101.98788108214845,1000                   ,0.023948149349344347 ,rbf                ,8452                 ,"{'model__C': 101.98788108214845, 'model__cache_size': 1000, 'model__gamma': 0.023948149349344347, 'model__kernel': 'rbf', 'model__max_iter': 8452}",0.063277357612888      ,0.0835386428999566    ,0.11667952538284787  ,0.08783184196523082   ,0.022011687036561416,90
90 ,0.1003118356068929 ,0.009456262039885296 ,0.11631107330322266 ,0.006615855635729074 ,87.55537772028686 ,500                    ,0.05111971809048374  ,rbf                ,7401                 ,"{'model__C': 87.55537772028686, 'model__cache_size': 500, 'model__gamma': 0.05111971809048374, 'model__kernel': 'rbf', 'model__max_iter': 7401}"   ,0.06345806754264782    ,0.07912863329823594   ,0.11852169055652395  ,0.08703613046580257   ,0.023164585447688214,91
91 ,0.08228556315104167,0.003297794302614005 ,0.07262412707010905 ,0.0037684902349658994,96.04090702912865 ,500                    ,0.04316872615150693  ,rbf                ,2024                 ,"{'model__C': 96.04090702912865, 'model__cache_size': 500, 'model__gamma': 0.04316872615150693, 'model__kernel': 'rbf', 'model__max_iter': 2024}"   ,0.061058251365951666   ,0.07971454512190979   ,0.12018302178093754  ,0.08698527275626633   ,0.024679036034739338,92
92 ,0.08328413963317871,0.001698006976996369 ,0.07862234115600586 ,0.002864933606238889 ,96.26704347430717 ,1000                   ,0.012053912139846927 ,rbf                ,3135                 ,"{'model__C': 96.26704347430717, 'model__cache_size': 1000, 'model__gamma': 0.012053912139846927, 'model__kernel': 'rbf', 'model__max_iter': 3135}" ,0.06497588398417997    ,0.08001330975515497   ,0.11500194330285574  ,0.08666371234739689   ,0.02095745760213756 ,93
93 ,0.08699647585550944,0.0032585827431532263,0.06933045387268066 ,0.008380328752718609 ,89.36325301461753 ,500                    ,0.028801727598069246 ,rbf                ,3452                 ,"{'model__C': 89.36325301461753, 'model__cache_size': 500, 'model__gamma': 0.028801727598069246, 'model__kernel': 'rbf', 'model__max_iter': 3452}"  ,0.062372373077152043   ,0.0803098029475009    ,0.11363959766716258  ,0.08544059123060517   ,0.02124187406351231 ,94
94 ,0.08295035362243652,0.004079266990027547 ,0.06029915809631348 ,0.006338406537149184 ,91.34584129003875 ,1000                   ,0.017580835850006287 ,rbf                ,1389                 ,"{'model__C': 91.34584129003875, 'model__cache_size': 1000, 'model__gamma': 0.017580835850006287, 'model__kernel': 'rbf', 'model__max_iter': 1389}" ,0.06417110952140825    ,0.07821847986868347   ,0.11345863663146882  ,0.08528274200718684   ,0.02073230863213836 ,95
95 ,0.07299319903055827,0.000826845562552709 ,0.07132323582967122 ,0.004108396165628482 ,77.05973213882216 ,1000                   ,0.013701842406700714 ,rbf                ,1964                 ,"{'model__C': 77.05973213882216, 'model__cache_size': 1000, 'model__gamma': 0.013701842406700714, 'model__kernel': 'rbf', 'model__max_iter': 1964}" ,0.0677573721986755     ,0.07542826418411608   ,0.11066582815067971  ,0.08461715484449044   ,0.01868351647348553 ,96
96 ,0.08494949340820312,0.003738009032027212 ,0.07695571581522624 ,0.0014120319005786258,124.01627989937202,500                    ,0.002574777399011373 ,rbf                ,9226                 ,"{'model__C': 124.01627989937202, 'model__cache_size': 500, 'model__gamma': 0.002574777399011373, 'model__kernel': 'rbf', 'model__max_iter': 9226}" ,0.07400539174370524    ,0.07513614268134472   ,0.10418737960255964  ,0.08444297134253653   ,0.013969034626024201,97
97 ,0.0809935728708903 ,0.0065372419256571265,0.08401075998942058 ,0.0008194605839318133,52.99301333993761 ,1000                   ,0.1014537448204616   ,rbf                ,6190                 ,"{'model__C': 52.99301333993761, 'model__cache_size': 1000, 'model__gamma': 0.1014537448204616, 'model__kernel': 'rbf', 'model__max_iter': 6190}"   ,0.07679101355123674    ,0.0654152401951622    ,0.1093247179537955   ,0.08384365723339815   ,0.018606726318540948,98
98 ,0.0779561996459961 ,0.00747518974302272  ,0.07229232788085938 ,0.00623296743646678  ,84.00443055872574 ,1000                   ,0.045841630720702006 ,rbf                ,7520                 ,"{'model__C': 84.00443055872574, 'model__cache_size': 1000, 'model__gamma': 0.045841630720702006, 'model__kernel': 'rbf', 'model__max_iter': 7520}" ,0.06237595266196372    ,0.07501656006658664   ,0.11401169262909294  ,0.0838014017858811    ,0.02197638874660771 ,99
99 ,0.08130248387654622,0.00260836094659908  ,0.06663815180460612 ,0.008724465813416675 ,66.69769342753803 ,1000                   ,0.05698582024805622  ,rbf                ,5575                 ,"{'model__C': 66.69769342753803, 'model__cache_size': 1000, 'model__gamma': 0.05698582024805622, 'model__kernel': 'rbf', 'model__max_iter': 5575}"  ,0.07287618193867818    ,0.0684371754380132    ,0.10951048979902855  ,0.08360794905857331   ,0.018405296471150984,100
100,0.08100199699401855,0.002951654112799958 ,0.07234779993693034 ,0.003070629008644919 ,77.96815233359065 ,500                    ,0.029832737006148892 ,rbf                ,5079                 ,"{'model__C': 77.96815233359065, 'model__cache_size': 500, 'model__gamma': 0.029832737006148892, 'model__kernel': 'rbf', 'model__max_iter': 5079}"  ,0.06193801905967011    ,0.07710453973233389   ,0.10962399236537002  ,0.08288885038579134   ,0.01989274071664933 ,101
101,0.09330495198567708,0.0032774521643048346,0.06701119740804036 ,0.0032641185562814496,62.66069481821096 ,1000                   ,0.4008582822783548   ,rbf                ,3056                 ,"{'model__C': 62.66069481821096, 'model__cache_size': 1000, 'model__gamma': 0.4008582822783548, 'model__kernel': 'rbf', 'model__max_iter': 3056}"   ,0.07531893950260382    ,0.06310525290066205   ,0.1098292716572169   ,0.08275115468682759   ,0.01978571621311996 ,102
102,0.07725071907043457,0.004066238090637385 ,0.06920727094014485 ,0.017407599886675965 ,73.1452805760152  ,200                    ,0.05172397689144864  ,rbf                ,6389                 ,"{'model__C': 73.1452805760152, 'model__cache_size': 200, 'model__gamma': 0.05172397689144864, 'model__kernel': 'rbf', 'model__max_iter': 6389}"    ,0.06438140996098018    ,0.07211781605162082   ,0.11167641218594271  ,0.0827252127328479    ,0.02071379503502409 ,103
103,0.08195408185323079,0.0072535224716033285,0.06729857126871745 ,0.004984208052451058 ,77.61833954623697 ,200                    ,0.025980515691739405 ,rbf                ,3254                 ,"{'model__C': 77.61833954623697, 'model__cache_size': 200, 'model__gamma': 0.025980515691739405, 'model__kernel': 'rbf', 'model__max_iter': 3254}"  ,0.06357921494933905    ,0.07496213982193112   ,0.10944215307992733  ,0.0826611692837325    ,0.01949886431706227 ,104
104,0.07795381546020508,0.0035577186313228673,0.07429075241088867 ,0.008987482575854187 ,76.37615503409346 ,500                    ,0.02511673382758245  ,rbf                ,6170                 ,"{'model__C': 76.37615503409346, 'model__cache_size': 500, 'model__gamma': 0.02511673382758245, 'model__kernel': 'rbf', 'model__max_iter': 6170}"   ,0.06374375903131024    ,0.07368758540636267   ,0.10921861553405998  ,0.08221665332391097   ,0.019520064773509913,105
105,0.08801134427388509,0.0021897858455919086,0.08661619822184245 ,0.0016984590213789817,74.0443933181044  ,200                    ,0.024437881524213195 ,rbf                ,2917                 ,"{'model__C': 74.0443933181044, 'model__cache_size': 200, 'model__gamma': 0.024437881524213195, 'model__kernel': 'rbf', 'model__max_iter': 2917}"   ,0.06425663732235698    ,0.07300416053255454   ,0.10836356368843325  ,0.08187478718111492   ,0.019067795733806094,106
106,0.08698725700378418,0.0014212480597924637,0.0726613203684489  ,0.012556451334544843 ,73.86535882790156 ,200                    ,0.03168265649239175  ,rbf                ,2222                 ,"{'model__C': 73.86535882790156, 'model__cache_size': 200, 'model__gamma': 0.03168265649239175, 'model__kernel': 'rbf', 'model__max_iter': 2222}"   ,0.06270574011987073    ,0.07527746192869356   ,0.10729206862240137  ,0.08175842355698855   ,0.018770319124519756,107
107,0.07529020309448242,0.002355671819851426 ,0.06762735048929851 ,0.011891784445547768 ,50.23310023986688 ,1000                   ,0.16898967774861262  ,rbf                ,1687                 ,"{'model__C': 50.23310023986688, 'model__cache_size': 1000, 'model__gamma': 0.16898967774861262, 'model__kernel': 'rbf', 'model__max_iter': 1687}"  ,0.07442957250378857    ,0.06322278225639888   ,0.10517649104037174  ,0.0809429486001864    ,0.017735961045522653,108
108,0.08261895179748535,0.006124896740982508 ,0.08428955078125    ,0.01885907611439853  ,73.57087289475477 ,500                    ,0.039353208680308685 ,rbf                ,4206                 ,"{'model__C': 73.57087289475477, 'model__cache_size': 500, 'model__gamma': 0.039353208680308685, 'model__kernel': 'rbf', 'model__max_iter': 4206}"  ,0.060415246208956774   ,0.07175206773810261   ,0.10748523542360622  ,0.0798841831235552    ,0.02005815622381645 ,109
109,0.08268499374389648,0.0012441913393384527,0.06730937957763672 ,0.0020771857720991572,228.82305001775057,500                    ,0.0009239605610994409,rbf                ,9464                 ,"{'model__C': 228.82305001775057, 'model__cache_size': 500, 'model__gamma': 0.0009239605610994409, 'model__kernel': 'rbf', 'model__max_iter': 9464}",0.06575546985800573    ,0.07319352485759589   ,0.09952170859970788  ,0.0794902344384365    ,0.014486226408776354,110
110,0.07295759518941243,0.0016328748076070005,0.06196435292561849 ,0.00647769577103905  ,70.00051847143304 ,200                    ,0.03879927889899452  ,rbf                ,5674                 ,"{'model__C': 70.00051847143304, 'model__cache_size': 200, 'model__gamma': 0.03879927889899452, 'model__kernel': 'rbf', 'model__max_iter': 5674}"   ,0.06028624478031819    ,0.0698142898555143    ,0.10575274774429866  ,0.07861776079337705   ,0.019577649643726505,111
111,0.08618760108947754,0.0053750815616351024,0.0749351183573405  ,0.007593119189106168 ,51.13265640661033 ,200                    ,0.22709741251283577  ,rbf                ,3948                 ,"{'model__C': 51.13265640661033, 'model__cache_size': 200, 'model__gamma': 0.22709741251283577, 'model__kernel': 'rbf', 'model__max_iter': 3948}"   ,0.0720024394309361     ,0.05910241320330478   ,0.1045791198270195   ,0.07856132415375346   ,0.019136299501911022,112
112,0.0859525203704834 ,0.0014141111148338894,0.07429099082946777 ,0.0030896195220643905,68.62931048605623 ,200                    ,0.03857354261645083  ,rbf                ,3790                 ,"{'model__C': 68.62931048605623, 'model__cache_size': 200, 'model__gamma': 0.03857354261645083, 'model__kernel': 'rbf', 'model__max_iter': 3790}"   ,0.0605592726464641     ,0.06923208932972091   ,0.10517336423417867  ,0.07832157540345457   ,0.01931438772629866 ,113
113,0.08595077196756999,0.00423935483435217  ,0.07503358523050944 ,0.005201608967759049 ,57.21212287167011 ,200                    ,0.05440378655320514  ,rbf                ,1587                 ,"{'model__C': 57.21212287167011, 'model__cache_size': 200, 'model__gamma': 0.05440378655320514, 'model__kernel': 'rbf', 'model__max_iter': 1587}"   ,0.0680140040371574     ,0.06585327063958157   ,0.10021976510194719  ,0.07802901325956206   ,0.015716006547499894,114
114,0.0856171449025472 ,0.00753861024923128  ,0.07229113578796387 ,0.011548992040692811 ,59.314324608355086,1000                   ,0.05061098148659096  ,rbf                ,3889                 ,"{'model__C': 59.314324608355086, 'model__cache_size': 1000, 'model__gamma': 0.05061098148659096, 'model__kernel': 'rbf', 'model__max_iter': 3889}" ,0.0641562248537273     ,0.06528136767260329   ,0.10128190343173948  ,0.07690649865269002   ,0.017242133572494205,115
115,0.08694855372111003,0.0037390074544526204,0.07562375068664551 ,0.005183388050163173 ,43.83579814578953 ,500                    ,0.11293908391713003  ,rbf                ,1111                 ,"{'model__C': 43.83579814578953, 'model__cache_size': 500, 'model__gamma': 0.11293908391713003, 'model__kernel': 'rbf', 'model__max_iter': 1111}"   ,0.07000943305278573    ,0.061821354930611805  ,0.09834426813196195  ,0.07672501870511983   ,0.015648325047082322,116
116,0.08528415362040202,0.008375045578514973 ,0.07095948855082194 ,0.004080727139371761 ,55.52852595556702 ,500                    ,0.05052604745655     ,rbf                ,5694                 ,"{'model__C': 55.52852595556702, 'model__cache_size': 500, 'model__gamma': 0.05052604745655, 'model__kernel': 'rbf', 'model__max_iter': 5694}"      ,0.06397926089470651    ,0.06450677273735117   ,0.09822602763812271  ,0.07557068709006014   ,0.01602119239627207 ,117
117,0.08372807502746582,0.002995409523396456 ,0.0839533011118571  ,0.00828192582917863  ,59.88268273998645 ,500                    ,0.02896071769593518  ,rbf                ,3512                 ,"{'model__C': 59.88268273998645, 'model__cache_size': 500, 'model__gamma': 0.02896071769593518, 'model__kernel': 'rbf', 'model__max_iter': 3512}"   ,0.05820372940203189    ,0.0683071920472248    ,0.10008178106173626  ,0.07553090083699765   ,0.017843379336377554,118
118,0.07529012362162273,0.004493393731867498 ,0.059631903966267906,0.0026233991974232863,62.08911092209176 ,200                    ,0.0064369322131187946,rbf                ,3790                 ,"{'model__C': 62.08911092209176, 'model__cache_size': 200, 'model__gamma': 0.0064369322131187946, 'model__kernel': 'rbf', 'model__max_iter': 3790}" ,0.06159235772692684    ,0.06671090203282481   ,0.09757991324664983  ,0.07529439100213382   ,0.01589618927575565 ,119
119,0.08063840866088867,0.002342207941709754 ,0.06902527809143066 ,0.0035732994756996744,50.678715783717834,1000                   ,0.2760343817804307   ,rbf                ,2639                 ,"{'model__C': 50.678715783717834, 'model__cache_size': 1000, 'model__gamma': 0.2760343817804307, 'model__kernel': 'rbf', 'model__max_iter': 2639}"  ,0.0688958448693483     ,0.055543958025475404  ,0.10105488206593638  ,0.07516489498692003   ,0.01910125290457185 ,120
120,0.08096806208292644,0.0028641917001478298,0.06888580322265625 ,0.006476696536844312 ,49.13006922239072 ,200                    ,0.06129559740510913  ,rbf                ,3631                 ,"{'model__C': 49.13006922239072, 'model__cache_size': 200, 'model__gamma': 0.06129559740510913, 'model__kernel': 'rbf', 'model__max_iter': 3631}"   ,0.06525768224890682    ,0.0606530070532586    ,0.09543824342682317  ,0.07378297757632953   ,0.01542754382494767 ,121
121,0.08128976821899414,0.0024968723287779387,0.06663346290588379 ,0.008496956215389862 ,79.12237979817975 ,500                    ,0.003181403459662207 ,rbf                ,8055                 ,"{'model__C': 79.12237979817975, 'model__cache_size': 500, 'model__gamma': 0.003181403459662207, 'model__kernel': 'rbf', 'model__max_iter': 8055}"  ,0.05993900340192737    ,0.0640680923713326    ,0.09270087891332202  ,0.072235991562194     ,0.014568712014681457,122
122,0.07895350456237793,0.007869410051731236 ,0.07062625885009766 ,0.0004712020176746174,48.68104805084566 ,500                    ,0.010277731500250624 ,rbf                ,6825                 ,"{'model__C': 48.68104805084566, 'model__cache_size': 500, 'model__gamma': 0.010277731500250624, 'model__kernel': 'rbf', 'model__max_iter': 6825}"  ,0.05511461919562499    ,0.0631881964761789    ,0.0926258639817561   ,0.07030955988451999   ,0.01612056107266962 ,123
123,0.07728910446166992,0.0026236314496358715,0.07462310791015625 ,0.009457571086321207 ,43.11187366281874 ,1000                   ,0.06571373629035648  ,rbf                ,7301                 ,"{'model__C': 43.11187366281874, 'model__cache_size': 1000, 'model__gamma': 0.06571373629035648, 'model__kernel': 'rbf', 'model__max_iter': 7301}"  ,0.05945974094382389    ,0.05373500821585542   ,0.0924271369817029   ,0.06854062871379407   ,0.01705123845211497 ,124
124,0.0870058536529541 ,0.0072594949979991755,0.08399025599161784 ,0.009243346500377567 ,39.363490891808446,1000                   ,0.12763281950787428  ,rbf                ,2619                 ,"{'model__C': 39.363490891808446, 'model__cache_size': 1000, 'model__gamma': 0.12763281950787428, 'model__kernel': 'rbf', 'model__max_iter': 2619}" ,0.06146979905528771    ,0.053905915832207496  ,0.09016677541959728  ,0.0685141634356975    ,0.015619000963507856,125
125,0.08101248741149902,0.004987097982767279 ,0.06066735585530599 ,0.0041415208425042245,47.362471061940404,200                    ,0.009920501165575414 ,rbf                ,774                  ,"{'model__C': 47.362471061940404, 'model__cache_size': 200, 'model__gamma': 0.009920501165575414, 'model__kernel': 'rbf', 'model__max_iter': 774}"  ,0.054316696363490125   ,0.05998929015468579   ,0.09077939876166707  ,0.068361795093281     ,0.016019910439920394,126
126,0.07628989219665527,0.0054334329606009705,0.06096585591634115 ,0.0037400055934542135,46.92680899768591 ,200                    ,0.02026485043181491  ,rbf                ,1508                 ,"{'model__C': 46.92680899768591, 'model__cache_size': 200, 'model__gamma': 0.02026485043181491, 'model__kernel': 'rbf', 'model__max_iter': 1508}"   ,0.051326777476983      ,0.06115486378617663   ,0.09178000869238556  ,0.0680872166518484    ,0.017227093315130983,127
127,0.11399261156717937,0.004345082750878083 ,0.10030563672383626 ,0.013944546025854163 ,47.2789859082349  ,500                    ,0.04794736997580962  ,rbf                ,6865                 ,"{'model__C': 47.2789859082349, 'model__cache_size': 500, 'model__gamma': 0.04794736997580962, 'model__kernel': 'rbf', 'model__max_iter': 6865}"    ,0.05629527697371006    ,0.05561322724844575   ,0.09173316499902129  ,0.06788055640705903   ,0.016868639550715544,128
128,0.08828179041544597,0.00169783583995797  ,0.07295950253804524 ,0.011570185310202924 ,49.146162858597755,500                    ,0.03091616830501305  ,rbf                ,7162                 ,"{'model__C': 49.146162858597755, 'model__cache_size': 500, 'model__gamma': 0.03091616830501305, 'model__kernel': 'rbf', 'model__max_iter': 7162}"  ,0.051959484466332695   ,0.05980959048265255   ,0.09133442832025962  ,0.06770116775641495   ,0.01701576317763026 ,129
129,0.0836188793182373 ,0.00623073734663784  ,0.06429521242777507 ,0.005246404584960205 ,48.62919320986936 ,1000                   ,0.031262368712381215 ,rbf                ,6488                 ,"{'model__C': 48.62919320986936, 'model__cache_size': 1000, 'model__gamma': 0.031262368712381215, 'model__kernel': 'rbf', 'model__max_iter': 6488}" ,0.05145501820896703    ,0.05944664242151221   ,0.09098021024148395  ,0.06729395695732106   ,0.01706351781569425 ,130
130,0.07932170232137044,0.0025131402415846152,0.0689845085144043  ,0.008803337404504171 ,42.87326919954466 ,1000                   ,0.019160422253913376 ,rbf                ,8353                 ,"{'model__C': 42.87326919954466, 'model__cache_size': 1000, 'model__gamma': 0.019160422253913376, 'model__kernel': 'rbf', 'model__max_iter': 8353}" ,0.04863085240913023    ,0.06012667522814241   ,0.08846060217262808  ,0.06573937660330025   ,0.016737762775646734,131
131,0.09273195266723633,0.0032334645950944387,0.0731364091237386  ,0.008271924284322597 ,36.78474673203771 ,200                    ,0.08027541190214876  ,rbf                ,7797                 ,"{'model__C': 36.78474673203771, 'model__cache_size': 200, 'model__gamma': 0.08027541190214876, 'model__kernel': 'rbf', 'model__max_iter': 7797}"   ,0.05958615200931261    ,0.05274904499516375   ,0.08457595746619018  ,0.06563705149022218   ,0.013679622990800297,132
132,0.08569272359212239,0.0016723339283938284,0.08461689949035645 ,0.004024904033260162 ,80.20425420840141 ,200                    ,0.0026720816866511368,rbf                ,5813                 ,"{'model__C': 80.20425420840141, 'model__cache_size': 200, 'model__gamma': 0.0026720816866511368, 'model__kernel': 'rbf', 'model__max_iter': 5813}" ,0.053858058461450864   ,0.05508333035007851   ,0.08572414600914191  ,0.06488851160689042   ,0.014741507578002992,133
133,0.09061686197916667,0.0016991169793423235,0.08195312817891438 ,0.0040808244095026985,40.896130990072294,500                    ,0.02084041614360645  ,rbf                ,1865                 ,"{'model__C': 40.896130990072294, 'model__cache_size': 500, 'model__gamma': 0.02084041614360645, 'model__kernel': 'rbf', 'model__max_iter': 1865}"  ,0.04962264725014742    ,0.05766755722352712   ,0.08663231841028829  ,0.06464084096132094   ,0.015893372925243097,134
134,0.08495020866394043,0.006477143935252981 ,0.0786267916361491  ,0.008983919346833735 ,71.67791122084009 ,1000                   ,0.003094608138403044 ,rbf                ,5516                 ,"{'model__C': 71.67791122084009, 'model__cache_size': 1000, 'model__gamma': 0.003094608138403044, 'model__kernel': 'rbf', 'model__max_iter': 5516}" ,0.05340710258101278    ,0.055026766650145165  ,0.08484581301591854  ,0.06442656074902549   ,0.014453724439937553,135
135,0.0833281675974528 ,0.001238867572138242 ,0.07622194290161133 ,0.008915989282571767 ,41.03081390061203 ,500                    ,0.038415718829486856 ,rbf                ,8214                 ,"{'model__C': 41.03081390061203, 'model__cache_size': 500, 'model__gamma': 0.038415718829486856, 'model__kernel': 'rbf', 'model__max_iter': 8214}"  ,0.05308109332575739    ,0.05209578603815024   ,0.08578314560394007  ,0.06365334165594923   ,0.015653303691662793,136
136,0.09010092417399089,0.004292674665206457 ,0.06805356343587239 ,0.005967913919884769 ,41.83674870461437 ,200                    ,0.00988892641878327  ,rbf                ,1945                 ,"{'model__C': 41.83674870461437, 'model__cache_size': 200, 'model__gamma': 0.00988892641878327, 'model__kernel': 'rbf', 'model__max_iter': 1945}"   ,0.051548788284421665   ,0.05365651174471742   ,0.08531432221740398  ,0.06350654074884769   ,0.015444419142665542,137
137,0.08628487586975098,0.003680095631467037 ,0.07595602671305339 ,0.002941520763592245 ,34.7022778746197  ,200                    ,0.08067707465945907  ,rbf                ,9384                 ,"{'model__C': 34.7022778746197, 'model__cache_size': 200, 'model__gamma': 0.08067707465945907, 'model__kernel': 'rbf', 'model__max_iter': 9384}"    ,0.05482216682497376    ,0.04864673316509727   ,0.08105218584362572  ,0.06150702861123225   ,0.014048579374231429,138
138,0.08090861638387044,0.005622620399973571 ,0.08018755912780762 ,0.000329688845717325 ,34.99697432948054 ,500                    ,0.135003424835367    ,rbf                ,8353                 ,"{'model__C': 34.99697432948054, 'model__cache_size': 500, 'model__gamma': 0.135003424835367, 'model__kernel': 'rbf', 'model__max_iter': 8353}"     ,0.05369233142280261    ,0.04487261300731327   ,0.08192681643812338  ,0.060163920289413086  ,0.01580431575692312 ,139
139,0.10007278124491374,0.004011993249081589 ,0.10094634691874187 ,0.0021559343036317634,38.96208759273199 ,500                    ,0.25855228405556024  ,rbf                ,5079                 ,"{'model__C': 38.96208759273199, 'model__cache_size': 500, 'model__gamma': 0.25855228405556024, 'model__kernel': 'rbf', 'model__max_iter': 5079}"   ,0.05391073597230156    ,0.0425537427225372    ,0.08392550032006629  ,0.06012999300496835   ,0.0174530790064095  ,140
140,0.08528685569763184,0.0009459601376788821,0.06662861506144206 ,0.005562609027570866 ,35.17018213629157 ,500                    ,0.16613281990870288  ,rbf                ,8194                 ,"{'model__C': 35.17018213629157, 'model__cache_size': 500, 'model__gamma': 0.16613281990870288, 'model__kernel': 'rbf', 'model__max_iter': 8194}"   ,0.051034673746427006   ,0.04119565059181274   ,0.08133921657055576  ,0.05785651363626517   ,0.017083707579335423,141
141,0.0803360144297282 ,0.004112707185646936 ,0.0713652769724528  ,0.009713119574210857 ,32.662592101036935,200                    ,0.10060823648361777  ,rbf                ,2579                 ,"{'model__C': 32.662592101036935, 'model__cache_size': 200, 'model__gamma': 0.10060823648361777, 'model__kernel': 'rbf', 'model__max_iter': 2579}"  ,0.051365043829547874   ,0.043268890401482296  ,0.0787062859362293   ,0.05778007338908649   ,0.015161721620775621,142
142,0.08761636416117351,0.0061794790081337965,0.07823348045349121 ,0.00621831644892286  ,31.390604650246413,1000                   ,0.01842727096628281  ,rbf                ,3254                 ,"{'model__C': 31.390604650246413, 'model__cache_size': 1000, 'model__gamma': 0.01842727096628281, 'model__kernel': 'rbf', 'model__max_iter': 3254}" ,0.04601282571971843    ,0.04885989267274271   ,0.0757256724006874   ,0.05686613026438284   ,0.01338626646360704 ,143
143,0.08061877886454265,0.0016979446797099188,0.0629734992980957  ,0.011330000896925983 ,31.367461187854385,200                    ,0.02012400423132632  ,rbf                ,853                  ,"{'model__C': 31.367461187854385, 'model__cache_size': 200, 'model__gamma': 0.02012400423132632, 'model__kernel': 'rbf', 'model__max_iter': 853}"   ,0.04593752879024471    ,0.049677292310168486  ,0.07398613855787295  ,0.056533653219428714  ,0.012434854004308384,144
144,0.08095328013102214,0.0014138301124013953,0.06696192423502605 ,0.0035569147626206147,32.11999639276417 ,1000                   ,0.06390661333763098  ,rbf                ,2083                 ,"{'model__C': 32.11999639276417, 'model__cache_size': 1000, 'model__gamma': 0.06390661333763098, 'model__kernel': 'rbf', 'model__max_iter': 2083}"  ,0.04873608452159128    ,0.04485387518896644   ,0.07596591880035775  ,0.056518626170305154  ,0.013842345184367019,145
145,0.07729117075602214,0.00411282405323594  ,0.06563433011372884 ,0.002864219524432825 ,31.763590853048413,1000                   ,0.05570576927486144  ,rbf                ,2381                 ,"{'model__C': 31.763590853048413, 'model__cache_size': 1000, 'model__gamma': 0.05570576927486144, 'model__kernel': 'rbf', 'model__max_iter': 2381}" ,0.0479752467250083     ,0.04467206154590786   ,0.07558970716391777  ,0.05607900514494465   ,0.013861899293548696,146
146,0.08495044708251953,0.00294278910279605  ,0.07570354143778484 ,0.010688352237863878 ,32.81756586386034 ,200                    ,0.1680907167487997   ,rbf                ,4444                 ,"{'model__C': 32.81756586386034, 'model__cache_size': 200, 'model__gamma': 0.1680907167487997, 'model__kernel': 'rbf', 'model__max_iter': 4444}"    ,0.047936008740952496   ,0.035677333807348166  ,0.07799595150519423  ,0.0538697646844983    ,0.017778703470956222,147
147,0.08095749219258626,0.00497078741126147  ,0.07795055707295735 ,0.005719567080966635 ,29.093662188239723,1000                   ,0.11620809995474546  ,rbf                ,8154                 ,"{'model__C': 29.093662188239723, 'model__cache_size': 1000, 'model__gamma': 0.11620809995474546, 'model__kernel': 'rbf', 'model__max_iter': 8154}" ,0.04437371068256191    ,0.03623514237097647   ,0.07083937023315556  ,0.050482741095564644  ,0.014772797882699749,148
148,0.07895342508951823,0.0021579566838801313,0.07828919092814128 ,0.005790654124038858 ,32.41768431286508 ,200                    ,0.008830349251766864 ,rbf                ,7123                 ,"{'model__C': 32.41768431286508, 'model__cache_size': 200, 'model__gamma': 0.008830349251766864, 'model__kernel': 'rbf', 'model__max_iter': 7123}"  ,0.04267241329435367    ,0.0374481878372519    ,0.07011382926803045  ,0.05007814346654534   ,0.014327006248306762,149
149,0.07634162902832031,0.0019087515678195787,0.07285674413045247 ,0.0006952712643034144,27.728291596947162,500                    ,0.0458522799264304   ,rbf                ,7460                 ,"{'model__C': 27.728291596947162, 'model__cache_size': 500, 'model__gamma': 0.0458522799264304, 'model__kernel': 'rbf', 'model__max_iter': 7460}"   ,0.04041619561400622    ,0.03637037284316236   ,0.06906515522825396  ,0.04861724122847418   ,0.01455289342777035 ,150
150,0.08828409512837727,0.0043930099055048116,0.07284021377563477 ,0.003972153134793401 ,31.602344511564933,200                    ,0.24183010919991277  ,rbf                ,5099                 ,"{'model__C': 31.602344511564933, 'model__cache_size': 200, 'model__gamma': 0.24183010919991277, 'model__kernel': 'rbf', 'model__max_iter': 5099}"  ,0.042411886583108016   ,0.029997142189173265  ,0.07096226574117159  ,0.04779043150448429   ,0.017150935756999167,151
151,0.08396490414937337,0.006972500006449628 ,0.07860700289408366 ,0.0065955803976335894,27.57870542258224 ,1000                   ,0.0941599970107014   ,rbf                ,5317                 ,"{'model__C': 27.57870542258224, 'model__cache_size': 1000, 'model__gamma': 0.0941599970107014, 'model__kernel': 'rbf', 'model__max_iter': 5317}"   ,0.04159578843459122    ,0.03424191766697715   ,0.06714222648876811  ,0.04765997753011216   ,0.014099370486703304,152
152,0.08062036832173665,0.0023537610018508986,0.08461793263753255 ,0.007581277431874536 ,26.91677514619319 ,500                    ,0.06808147315102779  ,rbf                ,7877                 ,"{'model__C': 26.91677514619319, 'model__cache_size': 500, 'model__gamma': 0.06808147315102779, 'model__kernel': 'rbf', 'model__max_iter': 7877}"   ,0.036611336823185736   ,0.031608889797701156  ,0.06725548538243453  ,0.04515857066777381   ,0.015757777952298924,153
153,0.08261712392171223,0.0012488068145431166,0.06771230697631836 ,0.003906788834808924 ,26.160540119109772,1000                   ,0.08486418946848799  ,rbf                ,3889                 ,"{'model__C': 26.160540119109772, 'model__cache_size': 1000, 'model__gamma': 0.08486418946848799, 'model__kernel': 'rbf', 'model__max_iter': 3889}" ,0.03808589989016453    ,0.03128699924677136   ,0.06462339321292232  ,0.044665430783286074  ,0.014382778144868536,154
154,0.08431665102640788,0.004026837601432207 ,0.08376797040303548 ,0.01091642739917026  ,27.25923107847457 ,1000                   ,0.1389784716495461   ,rbf                ,4385                 ,"{'model__C': 27.25923107847457, 'model__cache_size': 1000, 'model__gamma': 0.1389784716495461, 'model__kernel': 'rbf', 'model__max_iter': 4385}"   ,0.03839274637800638    ,0.026815150908021     ,0.0649507214116466   ,0.04338620623255799   ,0.01596415600438502 ,155
155,0.0810089906056722 ,0.0032730505477720382,0.09066096941630046 ,0.022237143605395283 ,23.462267391081053,1000                   ,0.027462846771560297 ,rbf                ,7440                 ,"{'model__C': 23.462267391081053, 'model__cache_size': 1000, 'model__gamma': 0.027462846771560297, 'model__kernel': 'rbf', 'model__max_iter': 7440}",0.035784876053463144   ,0.031604263129971     ,0.06204923851288735  ,0.043146125898773834  ,0.013475041891843616,156
156,0.08629528681437175,0.0044874743468584066,0.06500728925069173 ,0.00991157489248209  ,28.770400498043664,1000                   ,0.2670137924399327   ,rbf                ,814                  ,"{'model__C': 28.770400498043664, 'model__cache_size': 1000, 'model__gamma': 0.2670137924399327, 'model__kernel': 'rbf', 'model__max_iter': 814}"   ,0.03609759299579629    ,0.02453557019561592   ,0.06428382431761648  ,0.041638995836342896  ,0.01669353738262599 ,157
157,0.07400099436442058,0.0008249843338879838,0.06968124707539876 ,0.007596008362872409 ,24.87704424002072 ,500                    ,0.07176305845494883  ,rbf                ,2996                 ,"{'model__C': 24.87704424002072, 'model__cache_size': 500, 'model__gamma': 0.07176305845494883, 'model__kernel': 'rbf', 'model__max_iter': 2996}"   ,0.033782169886181546   ,0.028015690222941037  ,0.06239822192434474  ,0.04139869401115578   ,0.015034365109291969,158
158,0.08702643712361653,0.005649442597895825 ,0.0673063596089681  ,0.010650855915229105 ,27.687704543790314,500                    ,0.2275123225194523   ,rbf                ,814                  ,"{'model__C': 27.687704543790314, 'model__cache_size': 500, 'model__gamma': 0.2275123225194523, 'model__kernel': 'rbf', 'model__max_iter': 814}"    ,0.03603404608381722    ,0.023797810786018614  ,0.06396271444345536  ,0.0412648571044304    ,0.016809241692252116,159
159,0.09212176005045573,0.0020549684950243413,0.07752529780069987 ,0.00215998004786864  ,27.211868261923073,500                    ,0.2328445680867632   ,rbf                ,1310                 ,"{'model__C': 27.211868261923073, 'model__cache_size': 500, 'model__gamma': 0.2328445680867632, 'model__kernel': 'rbf', 'model__max_iter': 1310}"   ,0.03474264791510251    ,0.022741942937390403  ,0.06255538222287538  ,0.040013324358456094  ,0.016675581140550823,160
160,0.08332173029581706,0.0012367752672152812,0.07333834966023763 ,0.0023705667406243394,35.79304600790468 ,200                    ,0.6092605112158448   ,rbf                ,3790                 ,"{'model__C': 35.79304600790468, 'model__cache_size': 200, 'model__gamma': 0.6092605112158448, 'model__kernel': 'rbf', 'model__max_iter': 3790}"    ,0.03097443842944514    ,0.020723054829970056  ,0.06236195322964755  ,0.03801981549635425   ,0.01771397693905132 ,161
161,0.08664480845133464,0.004123916108948872 ,0.06865493456522624 ,0.010636841434970613 ,28.829802024946293,500                    ,0.3612309406162926   ,rbf                ,7321                 ,"{'model__C': 28.829802024946293, 'model__cache_size': 500, 'model__gamma': 0.3612309406162926, 'model__kernel': 'rbf', 'model__max_iter': 7321}"   ,0.030290860193540214   ,0.019961905176705375  ,0.060031812507938986 ,0.03676152595939486   ,0.01698629849758259 ,162
162,0.08694887161254883,0.0021582877220016707,0.07695659001668294 ,0.0021593546213053275,22.529486665375444,1000                   ,0.06450624521653774  ,rbf                ,1984                 ,"{'model__C': 22.529486665375444, 'model__cache_size': 1000, 'model__gamma': 0.06450624521653774, 'model__kernel': 'rbf', 'model__max_iter': 1984}" ,0.028092703161144206   ,0.022598659802102405  ,0.0588270391449538   ,0.036506134036066805  ,0.015941836610372323,163
163,0.07995223999023438,0.0053530999242794   ,0.06629713376363118 ,0.011137903990856134 ,20.397963206180048,1000                   ,0.0769144481575444   ,rbf                ,1191                 ,"{'model__C': 20.397963206180048, 'model__cache_size': 1000, 'model__gamma': 0.0769144481575444, 'model__kernel': 'rbf', 'model__max_iter': 1191}"  ,0.02374685652730868    ,0.0176345733501857    ,0.05191843977959454  ,0.031099956552362973  ,0.014930883749714362,164
164,0.09228475888570149,0.002058744972018846 ,0.07128715515136719 ,0.002058565058880099 ,27.00847425957415 ,1000                   ,0.4268773939601984   ,rbf                ,2698                 ,"{'model__C': 27.00847425957415, 'model__cache_size': 1000, 'model__gamma': 0.4268773939601984, 'model__kernel': 'rbf', 'model__max_iter': 2698}"   ,0.02313252869273419    ,0.013826461665804035  ,0.053367368835572804 ,0.030108786398037008  ,0.01687941475348332 ,165
165,0.08495378494262695,0.0037390926230010564,0.07429194450378418 ,0.004780946724059894 ,19.481181748310796,200                    ,0.07956568951872439  ,rbf                ,2718                 ,"{'model__C': 19.481181748310796, 'model__cache_size': 200, 'model__gamma': 0.07956568951872439, 'model__kernel': 'rbf', 'model__max_iter': 2718}"  ,0.021273289553501273   ,0.01354309816542032   ,0.049169578290013116 ,0.027995322002978235  ,0.015301433739051325,166
166,0.07834148406982422,0.006203899117763111 ,0.06431833902994792 ,0.004014413620106595 ,19.231726031672135,200                    ,0.07269850610302966  ,rbf                ,7401                 ,"{'model__C': 19.231726031672135, 'model__cache_size': 200, 'model__gamma': 0.07269850610302966, 'model__kernel': 'rbf', 'model__max_iter': 7401}"  ,0.02045098147197577    ,0.014118840160048829  ,0.049287653535984854 ,0.02795249172266982   ,0.015306117526418537,167
167,0.10197718938191731,0.013609036558961967 ,0.0910199483235677  ,0.019838248209207703 ,19.030653614210873,200                    ,0.05840277519914471  ,rbf                ,1984                 ,"{'model__C': 19.030653614210873, 'model__cache_size': 200, 'model__gamma': 0.05840277519914471, 'model__kernel': 'rbf', 'model__max_iter': 1984}"  ,0.019937528000953053   ,0.012248880047667443  ,0.05016613542313053  ,0.027450847823917008  ,0.016365961523308645,168
168,0.08295051256815593,0.008597082648076106 ,0.07029350598653157 ,0.012702918364894764 ,18.57186162957548 ,200                    ,0.05020169787271848  ,rbf                ,1151                 ,"{'model__C': 18.57186162957548, 'model__cache_size': 200, 'model__gamma': 0.05020169787271848, 'model__kernel': 'rbf', 'model__max_iter': 1151}"   ,0.019653782396716002   ,0.011769495855774026  ,0.048887133234892466 ,0.026770137162460832  ,0.01596687466842707 ,169
169,0.08081714312235515,0.004167073770379739 ,0.07407919565836589 ,0.010674293163291347 ,14.6901902492152  ,500                    ,0.044549234231494914 ,rbf                ,9543                 ,"{'model__C': 14.6901902492152, 'model__cache_size': 500, 'model__gamma': 0.044549234231494914, 'model__kernel': 'rbf', 'model__max_iter': 9543}"   ,0.013587036362622484   ,0.003807336785717985  ,0.039163175312643794 ,0.01885251615366142   ,0.014906436810047137,170
170,0.08437577883402507,0.007044122692851115 ,0.0849929650624593  ,0.013435847711964185 ,14.242271467168594,500                    ,0.07262911192303563  ,rbf                ,3214                 ,"{'model__C': 14.242271467168594, 'model__cache_size': 500, 'model__gamma': 0.07262911192303563, 'model__kernel': 'rbf', 'model__max_iter': 3214}"  ,0.012089716055029509   ,0.0028690961415631655 ,0.03623663220164941  ,0.01706514813274736   ,0.014069217200452833,171
171,0.05130418141682943,0.006014893473450498 ,0.05030512809753418 ,0.006646915949589566 ,43.21916194678851 ,500                    ,0.34626030225701643  ,rbf                ,258                  ,"{'model__C': 43.21916194678851, 'model__cache_size': 500, 'model__gamma': 0.34626030225701643, 'model__kernel': 'rbf', 'model__max_iter': 258}"    ,0.006881395523783085   ,0.01774927772403745   ,0.026257510716327537 ,0.016962727988049358  ,0.007929794253492129,172
172,0.08328803380330403,0.0036802636631886308,0.07557519276936848 ,0.00847061759910924  ,11.788020797188024,1000                   ,0.029260372912327966 ,rbf                ,4881                 ,"{'model__C': 11.788020797188024, 'model__cache_size': 1000, 'model__gamma': 0.029260372912327966, 'model__kernel': 'rbf', 'model__max_iter': 4881}",0.009191729722182629   ,-0.0023844167880249234,0.03324063724692761  ,0.013349316727028437  ,0.014838020218916649,173
173,0.08994754155476888,0.0072528105932907145,0.09294684727986653 ,0.01060870724585421  ,18.06432927428257 ,200                    ,0.433414633958732    ,rbf                ,6905                 ,"{'model__C': 18.06432927428257, 'model__cache_size': 200, 'model__gamma': 0.433414633958732, 'model__kernel': 'rbf', 'model__max_iter': 6905}"     ,0.004806708279173066   ,-0.001468792022997878 ,0.030858380178458544 ,0.011398765478211245  ,0.01399649787678326 ,174
174,0.08132211367289226,0.00308986814116438  ,0.08266202608744304 ,0.011558321613678861 ,12.502623200745628,200                    ,0.13634049614125027  ,rbf                ,7758                 ,"{'model__C': 12.502623200745628, 'model__cache_size': 200, 'model__gamma': 0.13634049614125027, 'model__kernel': 'rbf', 'model__max_iter': 7758}"  ,0.003990746931615274   ,-0.0055431210607586046,0.029938473715522385 ,0.009462033195459685  ,0.014993045543467854,175
175,0.08061997095743816,0.000942033801066233 ,0.06562503178914388 ,0.0038609784445384483,94.54974016007587 ,500                    ,0.0005198350817616321,rbf                ,794                  ,"{'model__C': 94.54974016007587, 'model__cache_size': 500, 'model__gamma': 0.0005198350817616321, 'model__kernel': 'rbf', 'model__max_iter': 794}"  ,0.000597882125988769   ,-0.004753475273288288 ,0.02403221971400482  ,0.006625542188901767  ,0.012500761932802206,176
176,0.08865141868591309,0.0050000483027817   ,0.08766698837280273 ,0.013820413150871723 ,15.653086098546975,500                    ,0.424403698261526    ,rbf                ,8333                 ,"{'model__C': 15.653086098546975, 'model__cache_size': 500, 'model__gamma': 0.424403698261526, 'model__kernel': 'rbf', 'model__max_iter': 8333}"    ,-0.00014340955254765753,-0.006096000665455126 ,0.025172824533056914 ,0.006311138105018044  ,0.013556812467577953,177
177,0.08628408114115398,0.0012464495395514655,0.07862647374471028 ,0.009175002721525176 ,9.256300245608557 ,1000                   ,0.051664731398811704 ,rbf                ,2302                 ,"{'model__C': 9.256300245608557, 'model__cache_size': 1000, 'model__gamma': 0.051664731398811704, 'model__kernel': 'rbf', 'model__max_iter': 2302}" ,0.0005996421163262378  ,-0.014715746834031318 ,0.02197723405081864  ,0.0026203764443711863 ,0.015047840088030255,178
178,0.11472384134928386,0.008424415115478413 ,0.12165451049804688 ,0.0037613392346724692,8.65292986917063  ,200                    ,0.02530820677318534  ,rbf                ,2738                 ,"{'model__C': 8.65292986917063, 'model__cache_size': 200, 'model__gamma': 0.02530820677318534, 'model__kernel': 'rbf', 'model__max_iter': 2738}"    ,-0.00305404268806142   ,-0.013289733096031542 ,0.021833828962185997 ,0.0018300177260310118 ,0.014749162405839485,179
179,0.08665998776753743,0.0041651440372397885,0.0786430835723877  ,0.004524934611533502 ,8.17051685836699  ,200                    ,0.02037499222681897  ,rbf                ,6389                 ,"{'model__C': 8.17051685836699, 'model__cache_size': 200, 'model__gamma': 0.02037499222681897, 'model__kernel': 'rbf', 'model__max_iter': 6389}"    ,-0.004807197876262714  ,-0.013180133050426868 ,0.019527938547467594 ,0.0005135358735926706 ,0.013872926695327251,180
180,0.08567603429158528,0.00401596737032667  ,0.07167855898539226 ,0.0034081386202438353,25.39498673080245 ,200                    ,0.0018240718598710017,rbf                ,7976                 ,"{'model__C': 25.39498673080245, 'model__cache_size': 200, 'model__gamma': 0.0018240718598710017, 'model__kernel': 'rbf', 'model__max_iter': 7976}" ,-0.005374582568166586  ,-0.010860277711419286 ,0.01682898894505047  ,0.00019804288848819981,0.01197120121662511 ,181
181,0.0876154104868571 ,0.003088299778974247 ,0.06462955474853516 ,0.004494218438327183 ,10.534372375643704,200                    ,0.23579072969624537  ,rbf                ,1587                 ,"{'model__C': 10.534372375643704, 'model__cache_size': 200, 'model__gamma': 0.23579072969624537, 'model__kernel': 'rbf', 'model__max_iter': 1587}"  ,-0.005872625537114873  ,-0.012609146723260745 ,0.01827864651205824  ,-6.770858277245957e-05,0.01326113967882759 ,182
182,0.10049128532409668,0.007631189291673401 ,0.07862210273742676 ,0.004188303859137912 ,7.83497901825037  ,200                    ,0.07643130005392462  ,rbf                ,2718                 ,"{'model__C': 7.83497901825037, 'model__cache_size': 200, 'model__gamma': 0.07643130005392462, 'model__kernel': 'rbf', 'model__max_iter': 2718}"    ,-0.008118899791675682  ,-0.016758976505861778 ,0.0179035891773488   ,-0.00232476237339622  ,0.01473210521847102 ,183
183,0.09540653228759766,0.003311484217657937 ,0.07701834042867024 ,0.0008205872061491972,7.666137595445494 ,1000                   ,0.1188792356281234   ,rbf                ,8829                 ,"{'model__C': 7.666137595445494, 'model__cache_size': 1000, 'model__gamma': 0.1188792356281234, 'model__kernel': 'rbf', 'model__max_iter': 8829}"   ,-0.00970967974630077   ,-0.017688158429112644 ,0.014631639571841548 ,-0.0042553995345239555,0.013746616921435756,184
184,0.0912779966990153 ,0.002355279090867347 ,0.08729330698649089 ,0.007310843922610294 ,9.563694654031945 ,500                    ,0.3659251082813159   ,rbf                ,7976                 ,"{'model__C': 9.563694654031945, 'model__cache_size': 500, 'model__gamma': 0.3659251082813159, 'model__kernel': 'rbf', 'model__max_iter': 7976}"    ,-0.012221049695205544  ,-0.01859992305593705  ,0.01091961182325285  ,-0.006633786975963248 ,0.012682372632682036,185
185,0.08095113436381023,0.0014134929376205011,0.07695500055948894 ,0.005095673033452628 ,43.47428328919698 ,1000                   ,0.0006976409181650647,rbf                ,9127                 ,"{'model__C': 43.47428328919698, 'model__cache_size': 1000, 'model__gamma': 0.0006976409181650647, 'model__kernel': 'rbf', 'model__max_iter': 9127}",-0.0124479065081049    ,-0.019299024379637153 ,0.009593674731474988 ,-0.007384418718755688 ,0.012326832437842836,186
186,0.08495092391967773,0.00215751529584396  ,0.061964193979899086,0.004543528394549343 ,5.983876860868068 ,200                    ,0.09190821536272646  ,rbf                ,3095                 ,"{'model__C': 5.983876860868068, 'model__cache_size': 200, 'model__gamma': 0.09190821536272646, 'model__kernel': 'rbf', 'model__max_iter': 3095}"   ,-0.0141122778339422    ,-0.022064014046863978 ,0.009908410252301159 ,-0.008755960542835006 ,0.013591089730253953,187
187,0.08195249239603679,0.00294154733466014  ,0.08028777440388997 ,0.007131163391413556 ,4.778961126377175 ,1000                   ,0.060893468785977505 ,rbf                ,3552                 ,"{'model__C': 4.778961126377175, 'model__cache_size': 1000, 'model__gamma': 0.060893468785977505, 'model__kernel': 'rbf', 'model__max_iter': 3552}" ,-0.018149365103682147  ,-0.024653463928578034 ,0.007078863292292681 ,-0.011907988579989167 ,0.013685789062527171,188
188,0.08200534184773763,0.0032716899921297416,0.06799252827962239 ,0.004249132885305546 ,4.69461950508178  ,500                    ,0.06784912926673597  ,rbf                ,4147                 ,"{'model__C': 4.69461950508178, 'model__cache_size': 500, 'model__gamma': 0.06784912926673597, 'model__kernel': 'rbf', 'model__max_iter': 4147}"    ,-0.01828466424361186   ,-0.025139298058722837 ,0.0063054740850168045,-0.012372829405772631 ,0.013500759661474444,189
189,0.084288756052653  ,0.002492579501912185 ,0.08095526695251465 ,0.002161194050080408 ,4.17272127175653  ,200                    ,0.04232462006515386  ,rbf                ,3452                 ,"{'model__C': 4.17272127175653, 'model__cache_size': 200, 'model__gamma': 0.04232462006515386, 'model__kernel': 'rbf', 'model__max_iter': 3452}"    ,-0.019707867788641087  ,-0.025802658915339283 ,0.005929009094514881 ,-0.013193839203155163 ,0.01374891789636058 ,190
190,0.0853270689646403 ,0.00328991890289806  ,0.08800784746805827 ,0.007780919381102288 ,4.193460988043928 ,1000                   ,0.05683148056814483  ,rbf                ,1230                 ,"{'model__C': 4.193460988043928, 'model__cache_size': 1000, 'model__gamma': 0.05683148056814483, 'model__kernel': 'rbf', 'model__max_iter': 1230}"  ,-0.01994077293385499   ,-0.0260000303381398   ,0.004974304182978173 ,-0.013655499696338872 ,0.013403503136847158,191
191,0.09994157155354817,0.004897067068869455 ,0.10349082946777344 ,0.005470921041743638 ,3.751690779575614 ,1000                   ,0.03193888921500612  ,rbf                ,9920                 ,"{'model__C': 3.751690779575614, 'model__cache_size': 1000, 'model__gamma': 0.03193888921500612, 'model__kernel': 'rbf', 'model__max_iter': 9920}"  ,-0.020960067793582393  ,-0.02642311649102247  ,0.004785109807886823 ,-0.014199358158906014 ,0.013608055047269807,192
192,0.08062108357747395,0.0059028810203499435,0.07495681444803874 ,0.014134591911870225 ,3.4993721443479084,500                    ,0.04960365360493639  ,rbf                ,1072                 ,"{'model__C': 3.4993721443479084, 'model__cache_size': 500, 'model__gamma': 0.04960365360493639, 'model__kernel': 'rbf', 'model__max_iter': 1072}"  ,-0.02205631769975236   ,-0.027643917012233787 ,0.0025230337956314575,-0.015725733638784895 ,0.013103904028336284,193
193,0.07795445124308269,0.0016325830813189006,0.07929309209187825 ,0.007719185253391702 ,2.333252359832339 ,1000                   ,0.09463708738997988  ,rbf                ,3452                 ,"{'model__C': 2.333252359832339, 'model__cache_size': 1000, 'model__gamma': 0.09463708738997988, 'model__kernel': 'rbf', 'model__max_iter': 3452}"  ,-0.02748209126127721   ,-0.03234649500514464  ,-0.004824523081915055,-0.021551036449445633 ,0.011992992204379806,194
194,0.08128714561462402,0.0018849757759384223,0.07029247283935547 ,0.006233286046789827 ,1.5577315371944382,200                    ,0.05589382770530613  ,rbf                ,3671                 ,"{'model__C': 1.5577315371944382, 'model__cache_size': 200, 'model__gamma': 0.05589382770530613, 'model__kernel': 'rbf', 'model__max_iter': 3671}"  ,-0.02959752153181694   ,-0.034138578029468514 ,-0.007773875263883401,-0.023836658275056283 ,0.011508404090829566,195
195,0.09094770749409993,0.009268635751847838 ,0.07628941535949707 ,0.010331647973514133 ,1.3353726611249122,200                    ,0.3370630342461173   ,rbf                ,4881                 ,"{'model__C': 1.3353726611249122, 'model__cache_size': 200, 'model__gamma': 0.3370630342461173, 'model__kernel': 'rbf', 'model__max_iter': 4881}"   ,-0.03182548424042331   ,-0.03809930501265524  ,-0.010296500813750109,-0.026740430022276218 ,0.011906365598054003,196
196,0.05267635981241862,0.0028154544659702253,0.05534100532531738 ,0.004837249163018991 ,62.4879022434904  ,200                    ,0.05083366145832069  ,rbf                ,278                  ,"{'model__C': 62.4879022434904, 'model__cache_size': 200, 'model__gamma': 0.05083366145832069, 'model__kernel': 'rbf', 'model__max_iter': 278}"     ,-0.061253716776972     ,-0.02262423382527845  ,-0.021189339094069837,-0.03502242989877343  ,0.018557568791684916,197
197,0.03630995750427246,0.0012453449961621777,0.032980759938557945,0.0037397082636416033,143.34305470790937,200                    ,0.010660871224538545 ,rbf                ,219                  ,"{'model__C': 143.34305470790937, 'model__cache_size': 200, 'model__gamma': 0.010660871224538545, 'model__kernel': 'rbf', 'model__max_iter': 219}"  ,-0.1380700359658944    ,-0.05716822252786513  ,-0.028940349122801967,-0.07472620253885383  ,0.046249570334347   ,198
198,0.06896042823791504,0.005097434287828061 ,0.059969584147135414,0.005357375963423477 ,81.7360407561493  ,1000                   ,0.028598239030392204 ,rbf                ,457                  ,"{'model__C': 81.7360407561493, 'model__cache_size': 1000, 'model__gamma': 0.028598239030392204, 'model__kernel': 'rbf', 'model__max_iter': 457}"   ,-0.16214159294446273   ,-0.06693125327210314  ,-0.0895246074957885  ,-0.10619915123745145  ,0.040618407172742066,199
199,0.06396778424580891,0.004966212960610386 ,0.0596314271291097  ,0.005730994186053597 ,335.972844566085  ,200                    ,0.015189814782062886 ,rbf                ,377                  ,"{'model__C': 335.972844566085, 'model__cache_size': 200, 'model__gamma': 0.015189814782062886, 'model__kernel': 'rbf', 'model__max_iter': 377}"    ,-0.2887797943809338    ,-0.3206705733110733   ,-0.3192029124964395  ,-0.3095510933961489   ,0.01469974272226804 ,200
